[19:40:44] [main/INFO]: Loading Minecraft 1.21.11 with Fabric Loader 0.19.5
[19:40:44] [ForkJoinPool-1-worker-12/WARN]: Mod com_github_rtyley_animated-gif-lib-for-java uses the version animated-gif-lib-1.7 which isn't compatible with Loader's extended semantic version format (Could not parse version number component 'animated'!), SemVer is recommended for reliably evaluating dependencies and prioritizing newer version
[19:40:44] [main/INFO]: Loading 134 mods:
	- appleskin 3.0.8+mc1.21.11
	- architectury 19.0.1
	- c2me 0.4.0-alpha.0.26+1.21.11
	   |-- c2me-base 0.4.0-alpha.0.26+1.21.11
	   |-- c2me-client-uncapvd 0.4.0-alpha.0.26+1.21.11
	   |-- c2me-fixes-chunkio-threading-issues 0.4.0-alpha.0.26+1.21.11
	   |-- c2me-fixes-general-threading-issues 0.4.0-alpha.0.26+1.21.11
	   |-- c2me-fixes-worldgen-threading-issues 0.4.0-alpha.0.26+1.21.11
	   |-- c2me-fixes-worldgen-vanilla-bugs 0.4.0-alpha.0.26+1.21.11
	   |-- c2me-notickvd 0.4.0-alpha.0.26+1.21.11
	   |-- c2me-opts-allocs 0.4.0-alpha.0.26+1.21.11
	   |-- c2me-opts-chunkio 0.4.0-alpha.0.26+1.21.11
	   |-- c2me-opts-dfc 0.4.0-alpha.0.26+1.21.11
	   |-- c2me-opts-math 0.4.0-alpha.0.26+1.21.11
	   |-- c2me-opts-scheduling 0.4.0-alpha.0.26+1.21.11
	   |-- c2me-opts-worldgen-general 0.4.0-alpha.0.26+1.21.11
	   |-- c2me-opts-worldgen-vanilla 0.4.0-alpha.0.26+1.21.11
	   |-- c2me-rewrites-chunk-serializer 0.4.0-alpha.0.26+1.21.11
	   |-- c2me-rewrites-chunk-system 0.4.0-alpha.0.26+1.21.11
	   |-- c2me-rewrites-chunkio 0.4.0-alpha.0.26+1.21.11
	   |-- c2me-server-utils 0.4.0-alpha.0.26+1.21.11
	   |-- c2me-threading-lighting 0.4.0-alpha.0.26+1.21.11
	   |-- com_github_ben-manes_caffeine_caffeine 3.2.1
	   |-- com_ibm_async_asyncutil 0.1.0
	   |-- io_reactivex_rxjava3_rxjava 3.1.12
	   |-- mixinsquared 0.3.7-beta.1
	   |-- net_objecthunter_exp4j 0.4.8
	   |-- org_jctools_jctools-core 4.0.5
	   \-- org_reactivestreams_reactive-streams 1.0.4
	- cloth-config 21.11.153
	   \-- cloth-basic-math 0.6.1
	- clumps 29.0.0.1
	- combat-hitboxes 1.0.10
	- consumableoptimizer 2.2.1-1.21.5
	- durabilitytooltip 1.1.6
	- entityculling 1.10.5
	   |-- transition 1.0.21
	   \-- trender 1.0.15
	- fabric-api 0.141.6+1.21.11
	   |-- fabric-api-base 1.0.5+4ebb5c083e
	   |-- fabric-api-lookup-api-v1 1.6.114+20dc27073e
	   |-- fabric-biome-api-v1 17.1.1+4fc5413f3e
	   |-- fabric-block-api-v1 1.1.10+4ebb5c083e
	   |-- fabric-block-view-api-v2 1.0.39+4ebb5c083e
	   |-- fabric-command-api-v2 2.4.7+6b42a6003e
	   |-- fabric-content-registries-v0 10.2.14+4fc5413f3e
	   |-- fabric-convention-tags-v1 2.1.55+7f945d5b3e
	   |-- fabric-convention-tags-v2 2.17.3+8ef948ba3e
	   |-- fabric-crash-report-info-v1 0.3.23+4ebb5c083e
	   |-- fabric-data-attachment-api-v1 1.8.48+eed0806f3e
	   |-- fabric-data-generation-api-v1 23.5.0+88d7da613e
	   |-- fabric-dimensions-v1 4.0.28+4fc5413f3e
	   |-- fabric-entity-events-v1 3.1.1+1d0ab4303e
	   |-- fabric-events-interaction-v0 4.1.1+3b89ecf63e
	   |-- fabric-game-rule-api-v1 2.0.3+4fc5413f3e
	   |-- fabric-item-api-v1 11.6.0+67f17bb43e
	   |-- fabric-item-group-api-v1 4.2.36+4fc5413f3e
	   |-- fabric-key-binding-api-v1 1.1.7+4fc5413f3e
	   |-- fabric-lifecycle-events-v1 2.6.15+4ebb5c083e
	   |-- fabric-loot-api-v2 3.0.73+3f89f5a53e
	   |-- fabric-loot-api-v3 2.0.20+78c8b4663e
	   |-- fabric-message-api-v1 6.1.12+4ebb5c083e
	   |-- fabric-model-loading-api-v1 6.0.15+4fc5413f3e
	   |-- fabric-networking-api-v1 5.1.6+6b6d71a53e
	   |-- fabric-object-builder-api-v1 21.1.40+4fc5413f3e
	   |-- fabric-particles-v1 4.2.12+4fc5413f3e
	   |-- fabric-recipe-api-v1 8.2.4+4ebb5c083e
	   |-- fabric-registry-sync-v0 6.2.6+1718722b3e
	   |-- fabric-renderer-api-v1 8.0.3+f4ffd2e53e
	   |-- fabric-renderer-indigo 5.0.3+f4ffd2e53e
	   |-- fabric-rendering-fluids-v1 3.1.43+4ebb5c083e
	   |-- fabric-rendering-v1 16.2.10+0290ad933e
	   |-- fabric-resource-conditions-api-v1 5.0.35+4fc5413f3e
	   |-- fabric-resource-loader-v0 3.3.4+4fc5413f3e
	   |-- fabric-resource-loader-v1 1.0.10+78c8b4663e
	   |-- fabric-screen-api-v1 3.1.7+4ebb5c083e
	   |-- fabric-screen-handler-api-v1 1.3.162+4fc5413f3e
	   |-- fabric-serialization-api-v1 1.0.5+4ebb5c083e
	   |-- fabric-sound-api-v1 1.0.51+4fc5413f3e
	   |-- fabric-tag-api-v1 1.3.0+88d7da613e
	   |-- fabric-transfer-api-v1 6.0.25+4fc5413f3e
	   \-- fabric-transitive-access-wideners-v1 7.1.0+014c8cec3e
	- fabricloader 0.19.5
	   \-- mixinextras 0.5.5
	- fancymenu 3.9.12
	   |-- com_github_keksuccino_japng 0.5.3
	   \-- com_github_rtyley_animated-gif-lib-for-java animated-gif-lib-1.7
	- ferritecore 8.2.0
	- forgeconfigapiport 21.11.1
	   |-- com_electronwill_night-config_core 3.8.3
	   \-- com_electronwill_night-config_toml 3.8.3
	- freecam 1.4.1-beta.3
	- freelook 1.2.8
	- helditemtooltips 21.11.0
	- java 21
	- konkrete 1.9.18
	- lithium 0.21.4+mc1.21.11
	- melody 1.0.15
	- minecraft 1.21.11
	- modmenu 17.0.1-beta.1
	- mousetweaks 2.30
	- naturalmotionblur 1.4.3+mc1.21.11
	- nuit 1.0.0-beta.2+mc1.21.11
	- ok_zoomer 16.0.0-beta.2
	   |-- wrench_wrapper 0.8.1
	   \-- wrench_wrapper_backend 0.8.1
	- placeholder-api 2.8.2+1.21.10
	- puzzleslib 21.11.13
	- quickskin 2.6.2.5
	- scalablelux 0.3.0-alpha.0.3+1.21.11
	- shieldfixes 2.0.1-1.21.11
	- shieldstatus 4.1.2-1.21.11
	- shulkerboxtooltip 5.2.16+1.21.11
	- skyboxify 3.3.1
	   \-- com_moulberry_mixinconstraints 1.1.0
	- sodium 0.8.14-beta.2+mc1.21.11
	- statuseffecttimer 2.0.0+1.21.6
	- supermartijn642configlib 1.1.8
	- totemcounter 1.0.0
	- ukulib 1.10.2+1.21.11
	   \-- com_moandjiezana_toml_toml4j 0.7.2
	- ukus-armor-hud 0.10.2+mc1.21.11
	- voicechat 1.21.11-2.6.22
	   \-- voicechat_api 2.6.20
	- walksylib 0.9.992+1.21.11
	- yet_another_config_lib_v3 3.8.2+1.21.11-fabric
	   |-- com_twelvemonkeys_common_common-image 3.12.0
	   |-- com_twelvemonkeys_common_common-io 3.12.0
	   |-- com_twelvemonkeys_common_common-lang 3.12.0
	   |-- com_twelvemonkeys_imageio_imageio-core 3.12.0
	   |-- com_twelvemonkeys_imageio_imageio-metadata 3.12.0
	   |-- com_twelvemonkeys_imageio_imageio-webp 3.12.0
	   |-- org_quiltmc_parsers_gson 0.2.1
	   \-- org_quiltmc_parsers_json 0.2.1
[19:40:45] [main/INFO]: SpongePowered MIXIN Subsystem Version=0.8.7 Source=file:/C:/Users/Work/AppData/Roaming/.minecraft/libraries/net/fabricmc/sponge-mixin/0.17.4+mixin.0.8.7/sponge-mixin-0.17.4+mixin.0.8.7.jar Service=Knot/Fabric Env=CLIENT
[19:40:49] [main/INFO]: Initializing com.ishland.c2me.base.mixin
[19:40:49] [main/INFO]: Global Executor Parallelism: 6 configured, 6 evaluated, 6 default evaluated
[19:40:49] [main/INFO]: Initializing com.ishland.c2me.client.uncapvd.mixin
[19:40:49] [main/INFO]: Initializing com.ishland.c2me.fixes.chunkio.threading_issues.mixin
[19:40:49] [main/INFO]: Initializing com.ishland.c2me.fixes.general.threading_issues.mixin
[19:40:49] [main/INFO]: Initializing com.ishland.c2me.fixes.worldgen.threading_issues.mixin
[19:40:49] [main/INFO]: Initializing com.ishland.c2me.fixes.worldgen.vanilla_bugs.mixin
[19:40:49] [main/INFO]: Initializing com.ishland.c2me.notickvd.mixin
[19:40:49] [main/INFO]: Initializing com.ishland.c2me.opts.allocs.mixin
[19:40:49] [main/INFO]: Initializing com.ishland.c2me.opts.chunkio.mixin
[19:40:49] [main/INFO]: Initializing com.ishland.c2me.opts.dfc.mixin
[19:40:49] [main/INFO]: Initializing com.ishland.c2me.opts.math.mixin
[19:40:49] [main/INFO]: Initializing com.ishland.c2me.opts.scheduling.mixin
[19:40:49] [main/INFO]: Initializing com.ishland.c2me.opts.worldgen.general.mixin
[19:40:49] [main/INFO]: Initializing com.ishland.c2me.opts.worldgen.vanilla.mixin
[19:40:49] [main/INFO]: Initializing com.ishland.c2me.rewrites.chunk_serializer.mixin
[19:40:49] [main/INFO]: Disabling config ioSystem.gcFreeChunkSerializer: Incompatible with architectury@19.0.1 (*) (defined in c2me)
[19:40:49] [main/INFO]: Disabling com.ishland.c2me.rewrites.chunk_serializer.mixin
[19:40:49] [main/INFO]: Initializing com.ishland.c2me.rewrites.chunksystem.mixin
[19:40:49] [main/INFO]: Initializing com.ishland.c2me.rewrites.chunkio.mixin
[19:40:49] [main/INFO]: Initializing com.ishland.c2me.server.utils.mixin
[19:40:49] [main/INFO]: Initializing com.ishland.c2me.threading.lighting.mixin
[19:40:49] [main/WARN]: Reference map 'clumps.refmap.json' for clumps.mixins.json could not be read. If this is a development environment you can ignore this message
[19:40:49] [main/WARN]: Reference map 'durabilitytooltip.mixins.refmap.json' for durabilitytooltip.mixins.json could not be read. If this is a development environment you can ignore this message
[19:40:49] [main/INFO]: Loaded configuration file for Lithium: 171 options available, 0 override(s) found.
[19:40:49] [main/INFO]: Loaded configuration file for Sodium: 36 options available, 0 override(s) found
[19:40:49] [main/WARN]: Reference map 'supermartijn642configlib.mixins.refmap.json' for supermartijn642configlib.mixins.json could not be read. If this is a development environment you can ignore this message
[19:40:49] [main/WARN]: Reference map 'yet_another_config_lib_v3.refmap.json' for yacl.mixins.json could not be read. If this is a development environment you can ignore this message
[19:40:49] [main/WARN]: Reference map 'yet_another_config_lib_v3.refmap.json' for yacl-fabric.mixins.json could not be read. If this is a development environment you can ignore this message
[19:40:49] [main/WARN]: Error loading class: mezz/jei/fabric/platform/RenderHelper (java.lang.ClassNotFoundException: mezz/jei/fabric/platform/RenderHelper)
[19:40:49] [main/WARN]: @Mixin target mezz.jei.fabric.platform.RenderHelper was not found appleskin.jei.mixins.json:JEIRenderHelperMixin from mod appleskin
[19:40:49] [main/WARN]: Error loading class: net/vulkanmod/config/option/Options (java.lang.ClassNotFoundException: net/vulkanmod/config/option/Options)
[19:40:50] [main/INFO]: Searching for graphics cards...
[19:40:50] [main/INFO]: Found graphics adapter: AdapterInfo{vendor=NVIDIA, description='NVIDIA GeForce RTX 3050', adapterType=0x0000031B, openglIcdFilePath='C:\WINDOWS\System32\DriverStore\FileRepository\nv_dispig.inf_amd64_f4c7a2fd13e0f763\nvoglv64.dll', openglIcdVersion=32.0.15.9186}
[19:40:50] [main/WARN]: Sodium has applied one or more workarounds to prevent crashes or other issues on your system: [NVIDIA_THREADED_OPTIMIZATIONS_BROKEN]
[19:40:50] [main/WARN]: This is not necessarily an issue, but it may result in certain features or optimizations being disabled. You can sometimes fix these issues by upgrading your graphics driver.
[19:40:51] [main/INFO]: Initializing MixinExtras via com.llamalad7.mixinextras.service.MixinExtrasServiceImpl(version=0.5.5).
[19:40:52] [Datafixer Bootstrap/INFO]: 287 Datafixer optimizations took 462 milliseconds
[19:40:53] [main/WARN]: Failed to add PDH Counter: \Paging File(_Total)\% Usage, Error code: 0xC0000BB8
[19:40:53] [main/WARN]: Failed to add counter for PDH counter: \Paging File(_Total)\% Usage
[19:40:53] [main/INFO]: Disabling further attempts to query Paging File.
[19:40:54] [main/WARN]: COM exception: Invalid Class Win32_PerfRawData_PerfOS_PagingFile
[19:41:01] [Render thread/INFO]: Environment: Environment[sessionHost=https://sessionserver.mojang.com, servicesHost=https://api.minecraftservices.com, profilesHost=https://api.mojang.com, name=PROD]
[19:41:01] [Render thread/INFO]: Setting user: Kwvanty
[19:41:01] [Render thread/INFO]: CombatHitboxes | Sootysplash was here!
[19:41:02] [Render thread/INFO]: [FANCYMENU] Loading v3.9.12 in client-side mode on FABRIC!
[19:41:02] [Download-2/ERROR]: Failed to fetch user properties
com.mojang.authlib.exceptions.InvalidCredentialsException: Status: 401
	at knot//com.mojang.authlib.exceptions.MinecraftClientHttpException.toAuthenticationException(MinecraftClientHttpException.java:59)
	at knot//com.mojang.authlib.yggdrasil.YggdrasilUserApiService.fetchProperties(YggdrasilUserApiService.java:150)
	at knot//net.minecraft.class_310.method_55608(class_310.java:457)
	at java.base/java.util.concurrent.CompletableFuture$AsyncSupply.run(CompletableFuture.java:1768)
	at java.base/java.util.concurrent.ThreadPoolExecutor.runWorker(ThreadPoolExecutor.java:1144)
	at java.base/java.util.concurrent.ThreadPoolExecutor$Worker.run(ThreadPoolExecutor.java:642)
	at java.base/java.lang.Thread.run(Thread.java:1583)
Caused by: com.mojang.authlib.exceptions.MinecraftClientHttpException: Status: 401
	at knot//com.mojang.authlib.minecraft.client.MinecraftClient.readInputStream(MinecraftClient.java:103)
	at knot//com.mojang.authlib.minecraft.client.MinecraftClient.get(MinecraftClient.java:56)
	at knot//com.mojang.authlib.yggdrasil.YggdrasilUserApiService.fetchProperties(YggdrasilUserApiService.java:121)
	... 5 more
[19:41:02] [Render thread/INFO]: [FANCYMENU] Registered FancyMenu's resource reload listener via Fabric API.
[19:41:02] [Render thread/INFO]: Constructing components for helditemtooltips:common
[19:41:02] [Render thread/INFO]: Dispatching loading event for config helditemtooltips-client.toml
[19:41:02] [Render thread/INFO]: [KONKRETE] Loading v1.9.18 in client-side mode on FABRIC!
[19:41:02] [Render thread/INFO]: [KONKRETE] Server-side modules initialized and ready to use!
[19:41:02] [Render thread/INFO]: [MELODY] Loading v1.0.15 on FABRIC...
[19:41:02] [Render thread/INFO]: Constructing components for puzzleslib:common
[19:41:02] [Render thread/INFO]: Registering C2S receiver with id quickskin:upload_texture
[19:41:02] [Render thread/INFO]: Registering C2S receiver with id quickskin:update_appearance
[19:41:02] [Render thread/INFO]: Registering C2S receiver with id quickskin:request_texture
[19:41:02] [Render thread/INFO]: Registering C2S receiver with id quickskin:texture_chunk
[19:41:02] [Render thread/INFO]: Registering C2S receiver with id quickskin:upload_animation_metadata
[19:41:02] [Render thread/INFO]: Registering C2S receiver with id quickskin:update_server_config
[19:41:02] [Render thread/INFO]: [ShulkerBoxTooltip] Could not find configuration file, creating default file
[19:41:03] [Render thread/INFO]: [voicechat] Compatibility version 20
[19:41:03] [Render thread/INFO]: [voicechat] Loading plugins
[19:41:03] [Render thread/INFO]: [voicechat] Loaded 0 plugin(s)
[19:41:03] [Render thread/INFO]: [voicechat] Initializing plugins
[19:41:03] [Render thread/INFO]: [voicechat] Initialized 0 plugin(s)
[19:41:03] [Render thread/INFO]: Registering S2C receiver with id architectury:spawn_entity_packet
[19:41:03] [Render thread/INFO]: [Indigo] Different rendering plugin detected; not applying Indigo.
[19:41:03] [Render thread/INFO]: Using Cloth Config Freecam GUI
[19:41:03] [Render thread/INFO]: Constructing components for helditemtooltips:client
[19:41:03] [Render thread/INFO]: Checking mod updates...
[19:41:03] [Render thread/INFO]: [STDOUT]: [Mouse Tweaks] Main.initialize()
[19:41:03] [Render thread/INFO]: [STDOUT]: [Mouse Tweaks] Initialized.
[19:41:03] [Render thread/INFO]: Constructing components for puzzleslib:client
[19:41:03] [Render thread/INFO]: Registering S2C receiver with id quickskin:sync_appearance
[19:41:03] [Render thread/INFO]: Registering S2C receiver with id quickskin:send_texture
[19:41:03] [Render thread/INFO]: Registering S2C receiver with id quickskin:send_texture_chunk
[19:41:03] [Render thread/INFO]: Registering S2C receiver with id quickskin:send_animation_metadata
[19:41:03] [Render thread/INFO]: Registering S2C receiver with id quickskin:sync_server_config
[19:41:03] [Render thread/INFO]: Registering S2C receiver with id quickskin:cooldown_update
[19:41:03] [Render thread/INFO]: Deserializing SkyboxifyConfig from 'C:\Users\Work\AppData\Roaming\.minecraft\versions\PvpIng\config\skyboxify.json'
[19:41:03] [Render thread/INFO]: [STDOUT]: [TRender] Initializing Client...
[19:41:03] [Render thread/INFO]: [voicechat] Initializing Opus
[19:41:03] [Render thread/INFO]: [voicechat] Successfully initialized Opus
[19:41:03] [Render thread/INFO]: [voicechat] Initializing RNNoise
[19:41:03] [Render thread/INFO]: [voicechat] Successfully initialized RNNoise
[19:41:03] [Render thread/INFO]: [voicechat] Initializing Speex
[19:41:03] [Render thread/INFO]: [voicechat] Successfully initialized Speex
[19:41:03] [Render thread/INFO]: [voicechat] Initializing LAME
[19:41:03] [Render thread/INFO]: [voicechat] Successfully initialized LAME
[19:41:03] [Render thread/INFO]: [voicechat] Using Cloth Config GUI
[19:41:03] [Render thread/INFO]: Deserializing YACLConfig from 'C:\Users\Work\AppData\Roaming\.minecraft\versions\PvpIng\config\yacl.json5'
[19:41:04] [Download-2/INFO]: Update available for 'shieldfixes@2.0.1-1.21.11', (-> 2.0.4+1.21.11)
[19:41:04] [Download-2/INFO]: Update available for 'sodium@0.8.14-beta.2+mc1.21.11', (-> mc1.21.11-0.8.14-fabric)
[19:41:04] [Render thread/ERROR]: Couldn't load durabilitytooltip pack metadata: Pack declares support for version newer than 64, but is missing mandatory fields min_format and max_format
[19:41:04] [Render thread/INFO]: Backend library: LWJGL version 3.3.3-snapshot
[19:41:04] [Render thread/INFO]: Modifying process environment to apply workarounds for the NVIDIA graphics driver...
[19:41:05] [Render thread/INFO]: OpenGL Vendor: NVIDIA Corporation
[19:41:05] [Render thread/INFO]: OpenGL Renderer: NVIDIA GeForce RTX 3050/PCIe/SSE2
[19:41:05] [Render thread/INFO]: OpenGL Version: 3.3.0 NVIDIA 591.86
[19:41:05] [Render thread/INFO]: Modifying OpenGL context to apply workarounds for the NVIDIA graphics driver...
[19:41:05] [Render thread/INFO]: Enabling GL_DEBUG_OUTPUT_SYNCHRONOUS to force the NVIDIA driver to disable threaded command submission
[19:41:05] [Render thread/INFO]: Using optional rendering extensions: GL_ARB_buffer_storage, GL_KHR_debug, GL_ARB_vertex_attrib_binding, GL_ARB_direct_state_access, GL_EXT_texture_filter_anisotropic
[19:41:05] [Render thread/ERROR]: Couldn't load durabilitytooltip pack metadata: Pack declares support for version newer than 64, but is missing mandatory fields min_format and max_format
[19:41:05] [Render thread/ERROR]: Couldn't load file/CLaW%20v.1.2%201.21.11%2B.zip pack metadata: Pack declares support for version newer than 64, but is missing mandatory fields min_format and max_format
[19:41:05] [Render thread/ERROR]: Couldn't load file/Night%20Vision%20Plus%20V1.6.0.zip pack metadata: Pack declares support for version newer than 64, but is missing mandatory fields min_format and max_format
[19:41:05] [Render thread/ERROR]: Couldn't load file/Night%20Vision%20Plus%20V1.6.0.zip overlays metadata: Overlay "fixes" declares support for version newer than 64, but is missing mandatory fields min_format and max_format
[19:41:05] [Render thread/ERROR]: Couldn't load file/ONYX%20Essentials%201.2.8.zip pack metadata: Pack declares support for version newer than 64, but is missing mandatory fields min_format and max_format
[19:41:05] [Render thread/ERROR]: Couldn't load file/RGB-Block-Outline_1-21-6.zip pack metadata: Pack declares support for version newer than 64, but is missing mandatory fields min_format and max_format
[19:41:07] [Render thread/INFO]: Reloading ResourceManager: vanilla, appleskin, c2me, cloth-config, combat-hitboxes, consumableoptimizer, durabilitytooltip, entityculling, fabric-api, fabric-api-base, fabric-api-lookup-api-v1, fabric-biome-api-v1, fabric-block-api-v1, fabric-block-view-api-v2, fabric-command-api-v2, fabric-content-registries-v0, fabric-convention-tags-v1, fabric-convention-tags-v2, fabric-crash-report-info-v1, fabric-data-attachment-api-v1, fabric-data-generation-api-v1, fabric-dimensions-v1, fabric-entity-events-v1, fabric-events-interaction-v0, fabric-game-rule-api-v1, fabric-item-api-v1, fabric-item-group-api-v1, fabric-key-binding-api-v1, fabric-lifecycle-events-v1, fabric-loot-api-v2, fabric-loot-api-v3, fabric-message-api-v1, fabric-model-loading-api-v1, fabric-networking-api-v1, fabric-object-builder-api-v1, fabric-particles-v1, fabric-recipe-api-v1, fabric-registry-sync-v0, fabric-renderer-api-v1, fabric-renderer-indigo, fabric-rendering-fluids-v1, fabric-rendering-v1, fabric-resource-conditions-api-v1, fabric-resource-loader-v0, fabric-resource-loader-v1, fabric-screen-api-v1, fabric-screen-handler-api-v1, fabric-serialization-api-v1, fabric-sound-api-v1, fabric-tag-api-v1, fabric-transfer-api-v1, fabric-transitive-access-wideners-v1, fabricloader, fancymenu, forgeconfigapiport, freecam, freelook, lithium, modmenu, naturalmotionblur, nuit, ok_zoomer, placeholder-api, quickskin, scalablelux, shieldfixes, shieldstatus, shulkerboxtooltip, skyboxify, sodium, statuseffecttimer, trender, ukulib, ukus-armor-hud, voicechat, walksylib, wrench_wrapper, wrench_wrapper_backend, yet_another_config_lib_v3, file/Better%20Elytra.zip, file/CLaW%20v.1.2%201.21.11%2B.zip, file/Icons%20v.1.13.4.zip, file/Agera 500k.zip, file/RGB-Block-Outline_1-21-6.zip, file/ONYX%20Essentials%201.2.8.zip, file/Unique%20Dark%20-%20Lite%20-%201.20.2-26.x.zip, file/Smaller%20Shield%20%20Totem.zip, file/LowOnFire%20v26.1%C2%A78.zip, file/fixed_ukus_armor_hud_warn-3.0.0-resourcepack-1.21.9%2B.zip, high_contrast, modmenu_high_contrast, file/Better%20Iphone%20Totem.zip, file/Hyper_Realistic_Sky_%5Bv3.9%5D.zip, file/Fullbright-UB-1.21 fub-6.0.zip
[19:41:07] [Download-2/INFO]: Could not authorize you against Realms server: java.lang.RuntimeException: Failed to parse into SignedJWT: 0
[19:41:07] [Download-2/ERROR]: Failed to fetch Realms feature flags
net.minecraft.class_4355: Realms authentication error with message 'java.lang.RuntimeException: Failed to parse into SignedJWT: 0'
	at knot//net.minecraft.class_4341.method_20998(class_4341.java:526)
	at knot//net.minecraft.class_4341.method_68466(class_4341.java:186)
	at java.base/java.util.concurrent.CompletableFuture$AsyncSupply.run(CompletableFuture.java:1768)
	at java.base/java.util.concurrent.ThreadPoolExecutor.runWorker(ThreadPoolExecutor.java:1144)
	at java.base/java.util.concurrent.ThreadPoolExecutor$Worker.run(ThreadPoolExecutor.java:642)
	at java.base/java.lang.Thread.run(Thread.java:1583)
[19:41:08] [Worker-Main-5/WARN]: Invalid path in datapack: minecraft:textures/particle/Texture-Packs.com.txt, ignoring
[19:41:09] [Worker-Main-2/INFO]: Found unifont_all_no_pua-17.0.01.hex, loading
[19:41:09] [Worker-Main-7/INFO]: Found unifont_pua-17.0.01.hex, loading
[19:41:09] [Worker-Main-2/INFO]: Found unifont_jp_patch-17.0.01.hex, loading
[19:41:10] [Render thread/WARN]: Invalid path in datapack: minecraft:textures/font/Texture-Packs.com.txt, ignoring
[19:41:10] [Render thread/WARN]: Invalid path in datapack: minecraft:textures/gui/.DS_Store, ignoring
[19:41:10] [Render thread/WARN]: Invalid path in datapack: minecraft:textures/misc/Texture-Packs.com.txt, ignoring
[19:41:10] [Render thread/WARN]: Invalid path in datapack: minecraft:textures/particle/Texture-Packs.com.txt, ignoring
[19:41:11] [Render thread/WARN]: Invalid path in datapack: movingelevators:textures/blocks/elevator - old.png, ignoring
[19:41:11] [Render thread/WARN]: Invalid path in datapack: movingelevators:textures/gui/gui concept.png, ignoring
[19:41:11] [Worker-Main-7/WARN]: Invalid path in datapack: minecraft:models/item/Texture-Packs.com.txt, ignoring
[19:41:11] [Render thread/INFO]: [FANCYMENU] Initializing screen customization engine! Addons should NOT REGISTER TO REGISTRIES anymore now!
[19:41:11] [Worker-Main-10/WARN]: Invalid path in datapack: minecraft:models/item/Texture-Packs.com.txt, ignoring
[19:41:11] [Worker-Main-10/WARN]: Invalid path in datapack: minecraft:particles/Texture-Packs.com.txt, ignoring
[19:41:11] [Worker-Main-10/WARN]: Invalid path in datapack: minecraft:textures/font/Texture-Packs.com.txt, ignoring
[19:41:11] [Worker-Main-10/WARN]: Invalid path in datapack: minecraft:textures/gui/.DS_Store, ignoring
[19:41:11] [Worker-Main-10/WARN]: Invalid path in datapack: minecraft:textures/misc/Texture-Packs.com.txt, ignoring
[19:41:11] [Worker-Main-10/WARN]: Invalid path in datapack: minecraft:textures/particle/Texture-Packs.com.txt, ignoring
[19:41:11] [Worker-Main-9/WARN]: Invalid path in datapack: minecraft:particles/Texture-Packs.com.txt, ignoring
[19:41:12] [Worker-Main-10/WARN]: Invalid path in datapack: movingelevators:textures/blocks/elevator - old.png, ignoring
[19:41:12] [Worker-Main-10/WARN]: Invalid path in datapack: movingelevators:textures/gui/gui concept.png, ignoring
[19:41:12] [Worker-Main-5/WARN]: Missing block model: minecraft:builtin/entity
[19:41:13] [Worker-Main-2/WARN]: Missing textures in model minecraft:item/experience_bottle:
    minecraft:block_or_item:minecraft:item/transparent
[19:41:13] [Worker-Main-2/WARN]: Missing textures in model minecraft:item/potion:
    minecraft:block_or_item:minecraft:item/transparent
[19:41:13] [Worker-Main-2/WARN]: Missing textures in model minecraft:item/decorated_pot:
    minecraft:block_or_item:minecraft:entity/decorated_pot/decorated_pot_side
[19:41:13] [Render thread/INFO]: [FANCYMENU] Starting late client initialization phase..
[19:41:13] [Render thread/INFO]: [Ok Zoomer] owo what's this
[19:41:13] [Render thread/INFO]: OpenAL initialized on device OpenAL Soft on Speakers (HATOR HYPERPUNK 3)
[19:41:13] [Render thread/INFO]: Sound engine started
[19:41:13] [Render thread/INFO]: [FANCYMENU] Reloading AudioResourceHandler after Minecraft SoundEngine reload..
[19:41:13] [Render thread/INFO]: Created: 1024x512x0 minecraft:textures/atlas/particles.png-atlas
[19:41:14] [Render thread/INFO]: Created: 128x128x0 minecraft:textures/atlas/decorated_pot.png-atlas
[19:41:14] [Render thread/INFO]: Created: 2048x1024x0 minecraft:textures/atlas/armor_trims.png-atlas
[19:41:14] [Render thread/INFO]: Created: 512x256x0 minecraft:textures/atlas/paintings.png-atlas
[19:41:14] [Render thread/INFO]: Created: 1024x512x0 minecraft:textures/atlas/shield_patterns.png-atlas
[19:41:14] [Render thread/INFO]: Created: 2048x2048x4 minecraft:textures/atlas/blocks.png-atlas
[19:41:14] [Render thread/INFO]: Created: 512x512x0 minecraft:textures/atlas/chest.png-atlas
[19:41:14] [Render thread/INFO]: Created: 16384x8192x0 minecraft:textures/atlas/celestials.png-atlas
[19:41:14] [Render thread/INFO]: Created: 1024x512x0 minecraft:textures/atlas/banner_patterns.png-atlas
[19:41:14] [Render thread/INFO]: Created: 512x512x0 minecraft:textures/atlas/beds.png-atlas
[19:41:14] [Render thread/INFO]: Created: 2048x2048x0 minecraft:textures/atlas/items.png-atlas
[19:41:14] [Render thread/INFO]: Created: 1024x1024x0 minecraft:textures/atlas/gui.png-atlas
[19:41:14] [Render thread/INFO]: Created: 128x64x0 minecraft:textures/atlas/map_decorations.png-atlas
[19:41:14] [Render thread/INFO]: Created: 512x256x0 minecraft:textures/atlas/signs.png-atlas
[19:41:14] [Render thread/INFO]: Created: 512x512x0 minecraft:textures/atlas/shulker_boxes.png-atlas
[19:41:14] [Render thread/WARN]: Duplicate sprite backpacked:item/empty_backpack_slot from atlas minecraft:textures/atlas/items.png, already defined in atlas minecraft:textures/atlas/gui.png. This will be rejected in a future version
[19:41:15] [Render thread/INFO]: [FANCYMENU] Sound engine reload detected. Releasing cached audio resources.
[19:41:15] [Render thread/INFO]: [FANCYMENU] ScreenCustomizationLayer registered: generic_dirt_message_screen
[19:41:15] [Render thread/INFO]: [FANCYMENU] Reloading resources..
[19:41:15] [Render thread/INFO]: [FANCYMENU] Pre-loading resources..
[19:41:15] [Render thread/INFO]: Adding skybox nuit:sky/overworld/001-100_sky/sky001_stars_bright.json
[19:41:17] [Render thread/INFO]: Adding skybox nuit:sky/overworld/001-100_sky/sky001_stars_bright_distortion.json
[19:41:17] [Render thread/INFO]: Adding skybox nuit:sky/overworld/001-100_sky/sky002_andromeda.json
[19:41:17] [Render thread/INFO]: Adding skybox nuit:sky/overworld/001-100_sky/sky003_black_hole.json
[19:41:17] [Render thread/INFO]: Adding skybox nuit:sky/overworld/001-100_sky/sky004_saturn_neptune.json
[19:41:17] [Render thread/INFO]: Adding skybox nuit:sky/overworld/001-100_sky/sky005_jupiter_uranus.json
[19:41:17] [Render thread/INFO]: Adding skybox nuit:sky/overworld/001-100_sky/sky006_stars_dim.json
[19:41:17] [Render thread/INFO]: Adding skybox nuit:sky/overworld/001-100_sky/sky007_moon_mask.json
[19:41:17] [Render thread/INFO]: Adding skybox nuit:sky/overworld/001-100_sky/sky008_sunset_sunrise_base_low.json
[19:41:17] [Render thread/INFO]: Adding skybox nuit:sky/overworld/001-100_sky/sky009_moon_glare.json
[19:41:17] [Render thread/INFO]: Adding skybox nuit:sky/overworld/001-100_sky/sky010_moon.json
[19:41:17] [Render thread/INFO]: Adding skybox nuit:sky/overworld/001-100_sky/sky011_blood_moon_mask.json
[19:41:17] [Render thread/INFO]: Adding skybox nuit:sky/overworld/001-100_sky/sky012_moon_glare_blood.json
[19:41:17] [Render thread/INFO]: Adding skybox nuit:sky/overworld/001-100_sky/sky013_moon_glare_blue.json
[19:41:18] [Render thread/INFO]: Adding skybox nuit:sky/overworld/001-100_sky/sky014_blood_moon.json
[19:41:18] [Render thread/INFO]: Adding skybox nuit:sky/overworld/001-100_sky/sky015_sun_glare.json
[19:41:18] [Render thread/INFO]: Adding skybox nuit:sky/overworld/001-100_sky/sky016_sun.json
[19:41:18] [Render thread/INFO]: Adding skybox nuit:sky/overworld/001-100_sky/sky017_sun_high.json
[19:41:18] [Render thread/INFO]: Adding skybox nuit:sky/overworld/001-100_sky/sky018_mask_overcast.json
[19:41:18] [Render thread/INFO]: Adding skybox nuit:sky/overworld/001-100_sky/sky019_mask_normal1.json
[19:41:18] [Render thread/INFO]: Adding skybox nuit:sky/overworld/001-100_sky/sky019_mask_normal1_mod.json
[19:41:18] [Render thread/INFO]: Adding skybox nuit:sky/overworld/001-100_sky/sky020_mask_normal2.json
[19:41:18] [Render thread/INFO]: Adding skybox nuit:sky/overworld/001-100_sky/sky021_mask_normal3.json
[19:41:18] [Render thread/INFO]: Adding skybox nuit:sky/overworld/001-100_sky/sky022_mask_normal4.json
[19:41:18] [Render thread/INFO]: Adding skybox nuit:sky/overworld/001-100_sky/sky023_mask_normal5.json
[19:41:18] [Render thread/INFO]: Adding skybox nuit:sky/overworld/001-100_sky/sky024_mask_hot.json
[19:41:18] [Render thread/INFO]: Adding skybox nuit:sky/overworld/001-100_sky/sky025_mask_clear.json
[19:41:18] [Render thread/INFO]: Adding skybox nuit:sky/overworld/001-100_sky/sky026_mask_snow.json
[19:41:18] [Render thread/INFO]: Adding skybox nuit:sky/overworld/001-100_sky/sky027_mask_rain.json
[19:41:18] [Render thread/INFO]: Adding skybox nuit:sky/overworld/001-100_sky/sky027_mask_rain_mod.json
[19:41:18] [Render thread/INFO]: Adding skybox nuit:sky/overworld/001-100_sky/sky028_mask_sandstorm.json
[19:41:18] [Render thread/INFO]: Adding skybox nuit:sky/overworld/001-100_sky/sky029_day.json
[19:41:18] [Render thread/INFO]: Adding skybox nuit:sky/overworld/001-100_sky/sky030_sunset_sunrise_low.json
[19:41:18] [Render thread/INFO]: Adding skybox nuit:sky/overworld/001-100_sky/sky031_shooting_star1.json
[19:41:18] [Render thread/INFO]: Adding skybox nuit:sky/overworld/001-100_sky/sky032_shooting_star2.json
[19:41:18] [Render thread/INFO]: Adding skybox nuit:sky/overworld/001-100_sky/sky033_shooting_star3.json
[19:41:18] [Render thread/INFO]: Adding skybox nuit:sky/overworld/001-100_sky/sky034_shooting_star4.json
[19:41:19] [Render thread/INFO]: Adding skybox nuit:sky/overworld/001-100_sky/sky035_meteor_shower1.json
[19:41:19] [Render thread/INFO]: Adding skybox nuit:sky/overworld/001-100_sky/sky036_meteor_shower2.json
[19:41:19] [Render thread/INFO]: Adding skybox nuit:sky/overworld/001-100_sky/sky037_meteor_shower3.json
[19:41:19] [Render thread/INFO]: Adding skybox nuit:sky/overworld/001-100_sky/sky038_mask_high.json
[19:41:19] [Render thread/INFO]: Adding skybox nuit:sky/overworld/001-100_sky/sky039_sunset_sunrise_high.json
[19:41:19] [Render thread/INFO]: Adding skybox nuit:sky/overworld/101-300_clouds/sky101_sunset_overcast.json
[19:41:19] [Render thread/INFO]: Adding skybox nuit:sky/overworld/101-300_clouds/sky102_sunset_normal1.json
[19:41:19] [Render thread/INFO]: Adding skybox nuit:sky/overworld/101-300_clouds/sky102_sunset_normal1_mod.json
[19:41:19] [Render thread/INFO]: Adding skybox nuit:sky/overworld/101-300_clouds/sky103_sunset_normal2.json
[19:41:19] [Render thread/INFO]: Adding skybox nuit:sky/overworld/101-300_clouds/sky104_sunset_normal3.json
[19:41:19] [Render thread/INFO]: Adding skybox nuit:sky/overworld/101-300_clouds/sky105_sunset_normal4.json
[19:41:19] [Render thread/INFO]: Adding skybox nuit:sky/overworld/101-300_clouds/sky106_sunset_normal5.json
[19:41:19] [Render thread/INFO]: Adding skybox nuit:sky/overworld/101-300_clouds/sky107_sunset_hot.json
[19:41:19] [Render thread/INFO]: Adding skybox nuit:sky/overworld/101-300_clouds/sky108_sunset_clear.json
[19:41:19] [Render thread/INFO]: Adding skybox nuit:sky/overworld/101-300_clouds/sky109_sunrise_overcast.json
[19:41:19] [Render thread/INFO]: Adding skybox nuit:sky/overworld/101-300_clouds/sky110_sunrise_normal1.json
[19:41:19] [Render thread/INFO]: Adding skybox nuit:sky/overworld/101-300_clouds/sky110_sunrise_normal1_mod.json
[19:41:20] [Render thread/INFO]: Adding skybox nuit:sky/overworld/101-300_clouds/sky111_sunrise_normal2.json
[19:41:20] [Render thread/INFO]: Adding skybox nuit:sky/overworld/101-300_clouds/sky112_sunrise_normal3.json
[19:41:20] [Render thread/INFO]: Adding skybox nuit:sky/overworld/101-300_clouds/sky113_sunrise_normal4.json
[19:41:20] [Render thread/INFO]: Adding skybox nuit:sky/overworld/101-300_clouds/sky114_sunrise_normal5.json
[19:41:20] [Render thread/INFO]: Adding skybox nuit:sky/overworld/101-300_clouds/sky115_sunrise_hot.json
[19:41:20] [Render thread/INFO]: Adding skybox nuit:sky/overworld/101-300_clouds/sky116_sunrise_clear.json
[19:41:20] [Render thread/INFO]: Adding skybox nuit:sky/overworld/101-300_clouds/sky117_night_overcast.json
[19:41:20] [Render thread/INFO]: Adding skybox nuit:sky/overworld/101-300_clouds/sky118_night_normal1.json
[19:41:20] [Render thread/INFO]: Adding skybox nuit:sky/overworld/101-300_clouds/sky118_night_normal1_mod.json
[19:41:20] [Render thread/INFO]: Adding skybox nuit:sky/overworld/101-300_clouds/sky119_night_normal2.json
[19:41:20] [Render thread/INFO]: Adding skybox nuit:sky/overworld/101-300_clouds/sky120_night_normal3.json
[19:41:20] [Render thread/INFO]: Adding skybox nuit:sky/overworld/101-300_clouds/sky121_night_normal4.json
[19:41:20] [Render thread/INFO]: Adding skybox nuit:sky/overworld/101-300_clouds/sky122_night_normal5.json
[19:41:21] [Render thread/INFO]: Adding skybox nuit:sky/overworld/101-300_clouds/sky123_night_hot.json
[19:41:21] [Render thread/INFO]: Adding skybox nuit:sky/overworld/101-300_clouds/sky124_night_clear.json
[19:41:21] [Render thread/INFO]: Adding skybox nuit:sky/overworld/101-300_clouds/sky125_day_overcast.json
[19:41:21] [Render thread/INFO]: Adding skybox nuit:sky/overworld/101-300_clouds/sky126_day_normal1.json
[19:41:21] [Render thread/INFO]: Adding skybox nuit:sky/overworld/101-300_clouds/sky126_day_normal1_mod.json
[19:41:21] [Render thread/INFO]: Adding skybox nuit:sky/overworld/101-300_clouds/sky127_day_normal2.json
[19:41:21] [Render thread/INFO]: Adding skybox nuit:sky/overworld/101-300_clouds/sky128_day_normal3.json
[19:41:21] [Render thread/INFO]: Adding skybox nuit:sky/overworld/101-300_clouds/sky129_day_normal4.json
[19:41:21] [Render thread/INFO]: Adding skybox nuit:sky/overworld/101-300_clouds/sky130_day_normal5.json
[19:41:21] [Render thread/INFO]: Adding skybox nuit:sky/overworld/101-300_clouds/sky131_day_hot.json
[19:41:21] [Render thread/INFO]: Adding skybox nuit:sky/overworld/101-300_clouds/sky132_day_clear.json
[19:41:21] [Render thread/INFO]: Adding skybox nuit:sky/overworld/101-300_clouds/sky133_sunset_overcast_high.json
[19:41:21] [Render thread/INFO]: Adding skybox nuit:sky/overworld/101-300_clouds/sky134_sunset_normal1_high.json
[19:41:22] [Render thread/INFO]: Adding skybox nuit:sky/overworld/101-300_clouds/sky134_sunset_normal1_high_mod.json
[19:41:22] [Render thread/INFO]: Adding skybox nuit:sky/overworld/101-300_clouds/sky135_sunset_normal2_high.json
[19:41:22] [Render thread/INFO]: Adding skybox nuit:sky/overworld/101-300_clouds/sky136_sunset_normal3_high.json
[19:41:22] [Render thread/INFO]: Adding skybox nuit:sky/overworld/101-300_clouds/sky137_sunset_normal4_high.json
[19:41:22] [Render thread/INFO]: Adding skybox nuit:sky/overworld/101-300_clouds/sky138_sunset_normal5_high.json
[19:41:22] [Render thread/INFO]: Adding skybox nuit:sky/overworld/101-300_clouds/sky139_sunset_hot_high.json
[19:41:22] [Render thread/INFO]: Adding skybox nuit:sky/overworld/101-300_clouds/sky140_sunset_clear_high.json
[19:41:22] [Render thread/INFO]: Adding skybox nuit:sky/overworld/101-300_clouds/sky141_sunrise_overcast_high.json
[19:41:22] [Render thread/INFO]: Adding skybox nuit:sky/overworld/101-300_clouds/sky142_sunrise_normal1_high.json
[19:41:22] [Render thread/INFO]: Adding skybox nuit:sky/overworld/101-300_clouds/sky142_sunrise_normal1_high_mod.json
[19:41:23] [Render thread/INFO]: Adding skybox nuit:sky/overworld/101-300_clouds/sky143_sunrise_normal2_high.json
[19:41:23] [Render thread/INFO]: Adding skybox nuit:sky/overworld/101-300_clouds/sky144_sunrise_normal3_high.json
[19:41:23] [Render thread/INFO]: Adding skybox nuit:sky/overworld/101-300_clouds/sky145_sunrise_normal4_high.json
[19:41:23] [Render thread/INFO]: Adding skybox nuit:sky/overworld/101-300_clouds/sky146_sunrise_normal5_high.json
[19:41:23] [Render thread/INFO]: Adding skybox nuit:sky/overworld/101-300_clouds/sky147_sunrise_hot_high.json
[19:41:23] [Render thread/INFO]: Adding skybox nuit:sky/overworld/101-300_clouds/sky148_sunrise_clear_high.json
[19:41:23] [Render thread/INFO]: Adding skybox nuit:sky/overworld/101-300_clouds/sky149_night_overcast_high.json
[19:41:23] [Render thread/INFO]: Adding skybox nuit:sky/overworld/101-300_clouds/sky150_night_normal1_high.json
[19:41:23] [Render thread/INFO]: Adding skybox nuit:sky/overworld/101-300_clouds/sky150_night_normal1_high_mod.json
[19:41:23] [Render thread/INFO]: Adding skybox nuit:sky/overworld/101-300_clouds/sky151_night_normal2_high.json
[19:41:24] [Render thread/INFO]: Adding skybox nuit:sky/overworld/101-300_clouds/sky152_night_normal3_high.json
[19:41:24] [Render thread/INFO]: Adding skybox nuit:sky/overworld/101-300_clouds/sky153_night_normal4_high.json
[19:41:24] [Render thread/INFO]: Adding skybox nuit:sky/overworld/101-300_clouds/sky154_night_normal5_high.json
[19:41:24] [Render thread/INFO]: Adding skybox nuit:sky/overworld/101-300_clouds/sky155_night_hot_high.json
[19:41:24] [Render thread/INFO]: Adding skybox nuit:sky/overworld/101-300_clouds/sky156_night_clear_high.json
[19:41:24] [Render thread/INFO]: Adding skybox nuit:sky/overworld/101-300_clouds/sky157_day_overcast_high.json
[19:41:24] [Render thread/INFO]: Adding skybox nuit:sky/overworld/101-300_clouds/sky158_day_normal1_high.json
[19:41:24] [Render thread/INFO]: Adding skybox nuit:sky/overworld/101-300_clouds/sky158_day_normal1_high_mod.json
[19:41:24] [Render thread/INFO]: Adding skybox nuit:sky/overworld/101-300_clouds/sky159_day_normal2_high.json
[19:41:24] [Render thread/INFO]: Adding skybox nuit:sky/overworld/101-300_clouds/sky160_day_normal3_high.json
[19:41:25] [Render thread/INFO]: Adding skybox nuit:sky/overworld/101-300_clouds/sky161_day_normal4_high.json
[19:41:25] [Render thread/INFO]: Adding skybox nuit:sky/overworld/101-300_clouds/sky162_day_normal5_high.json
[19:41:25] [Render thread/INFO]: Adding skybox nuit:sky/overworld/101-300_clouds/sky163_day_hot_high.json
[19:41:25] [Render thread/INFO]: Adding skybox nuit:sky/overworld/101-300_clouds/sky164_day_clear_high.json
[19:41:25] [Render thread/INFO]: Adding skybox nuit:sky/overworld/101-300_clouds/sky268_rainbow.json
[19:41:25] [Render thread/INFO]: Adding skybox nuit:sky/overworld/101-300_clouds/sky269_sunflare.json
[19:41:26] [Render thread/INFO]: Adding skybox nuit:sky/overworld/101-300_clouds/sky270_sunset_snow.json
[19:41:26] [Render thread/INFO]: Adding skybox nuit:sky/overworld/101-300_clouds/sky271_sunrise_snow.json
[19:41:26] [Render thread/INFO]: Adding skybox nuit:sky/overworld/101-300_clouds/sky272_night_snow.json
[19:41:26] [Render thread/INFO]: Adding skybox nuit:sky/overworld/101-300_clouds/sky273_day_snow.json
[19:41:26] [Render thread/INFO]: Adding skybox nuit:sky/overworld/101-300_clouds/sky274_sunset_snow_high.json
[19:41:26] [Render thread/INFO]: Adding skybox nuit:sky/overworld/101-300_clouds/sky275_sunrise_snow_high.json
[19:41:26] [Render thread/INFO]: Adding skybox nuit:sky/overworld/101-300_clouds/sky276_night_snow_high.json
[19:41:26] [Render thread/INFO]: Adding skybox nuit:sky/overworld/101-300_clouds/sky277_day_snow_high.json
[19:41:26] [Render thread/INFO]: Adding skybox nuit:sky/overworld/101-300_clouds/sky278_thunder_snow.json
[19:41:26] [Render thread/INFO]: Adding skybox nuit:sky/overworld/101-300_clouds/sky279_thunder_snow_high.json
[19:41:26] [Render thread/INFO]: Adding skybox nuit:sky/overworld/101-300_clouds/sky280_sunset_rain.json
[19:41:26] [Render thread/INFO]: Adding skybox nuit:sky/overworld/101-300_clouds/sky280_sunset_rain_mod.json
[19:41:26] [Render thread/INFO]: Adding skybox nuit:sky/overworld/101-300_clouds/sky281_sunrise_rain.json
[19:41:27] [Render thread/INFO]: Adding skybox nuit:sky/overworld/101-300_clouds/sky281_sunrise_rain_mod.json
[19:41:27] [Render thread/INFO]: Adding skybox nuit:sky/overworld/101-300_clouds/sky282_night_rain.json
[19:41:27] [Render thread/INFO]: Adding skybox nuit:sky/overworld/101-300_clouds/sky282_night_rain_mod.json
[19:41:27] [Render thread/INFO]: Adding skybox nuit:sky/overworld/101-300_clouds/sky283_day_rain.json
[19:41:27] [Render thread/INFO]: Adding skybox nuit:sky/overworld/101-300_clouds/sky283_day_rain_mod.json
[19:41:27] [Render thread/INFO]: Adding skybox nuit:sky/overworld/101-300_clouds/sky284_sunset_rain_high.json
[19:41:27] [Render thread/INFO]: Adding skybox nuit:sky/overworld/101-300_clouds/sky284_sunset_rain_high_mod.json
[19:41:27] [Render thread/INFO]: Adding skybox nuit:sky/overworld/101-300_clouds/sky285_sunrise_rain_high.json
[19:41:27] [Render thread/INFO]: Adding skybox nuit:sky/overworld/101-300_clouds/sky285_sunrise_rain_high_mod.json
[19:41:27] [Render thread/INFO]: Adding skybox nuit:sky/overworld/101-300_clouds/sky286_night_rain_high.json
[19:41:27] [Render thread/INFO]: Adding skybox nuit:sky/overworld/101-300_clouds/sky286_night_rain_high_mod.json
[19:41:28] [Render thread/INFO]: Adding skybox nuit:sky/overworld/101-300_clouds/sky287_day_rain_high.json
[19:41:28] [Render thread/INFO]: Adding skybox nuit:sky/overworld/101-300_clouds/sky287_day_rain_high_mod.json
[19:41:28] [Render thread/INFO]: Adding skybox nuit:sky/overworld/101-300_clouds/sky288_thunder_rain.json
[19:41:28] [Render thread/INFO]: Adding skybox nuit:sky/overworld/101-300_clouds/sky288_thunder_rain_mod.json
[19:41:28] [Render thread/INFO]: Adding skybox nuit:sky/overworld/101-300_clouds/sky289_thunder_rain_high.json
[19:41:28] [Render thread/INFO]: Adding skybox nuit:sky/overworld/101-300_clouds/sky289_thunder_rain_high_mod.json
[19:41:28] [Render thread/INFO]: Adding skybox nuit:sky/overworld/101-300_clouds/sky290_sunset_sandstorm.json
[19:41:28] [Render thread/INFO]: Adding skybox nuit:sky/overworld/101-300_clouds/sky291_sunrise_sandstorm.json
[19:41:28] [Render thread/INFO]: Adding skybox nuit:sky/overworld/101-300_clouds/sky292_night_sandstorm.json
[19:41:28] [Render thread/INFO]: Adding skybox nuit:sky/overworld/101-300_clouds/sky293_day_sandstorm.json
[19:41:28] [Render thread/INFO]: Adding skybox nuit:sky/overworld/101-300_clouds/sky294_sunset_sandstorm_high.json
[19:41:29] [Render thread/INFO]: Adding skybox nuit:sky/overworld/101-300_clouds/sky295_sunrise_sandstorm_high.json
[19:41:29] [Render thread/INFO]: Adding skybox nuit:sky/overworld/101-300_clouds/sky296_night_sandstorm_high.json
[19:41:29] [Render thread/INFO]: Adding skybox nuit:sky/overworld/101-300_clouds/sky297_day_sandstorm_high.json
[19:41:29] [Render thread/INFO]: Adding skybox nuit:sky/overworld/101-300_clouds/sky298_thunder_sandstorm.json
[19:41:29] [Render thread/INFO]: Adding skybox nuit:sky/overworld/101-300_clouds/sky299_thunder_sandstorm_high.json
[19:41:29] [Render thread/INFO]: Adding skybox nuit:sky/overworld/301-400_events/sky301_auroras.json
[19:41:29] [Render thread/INFO]: Adding skybox nuit:sky/overworld/301-400_events/sky302_auroras_high.json
[19:41:30] [Render thread/INFO]: Adding skybox nuit:sky/overworld/301-400_events/sky303_lightning1_stage1.json
[19:41:30] [Render thread/INFO]: Adding skybox nuit:sky/overworld/301-400_events/sky304_lightning1_stage2.json
[19:41:30] [Render thread/INFO]: Adding skybox nuit:sky/overworld/301-400_events/sky305_lightning2_stage1.json
[19:41:30] [Render thread/INFO]: Adding skybox nuit:sky/overworld/301-400_events/sky306_lightning2_stage2.json
[19:41:31] [Render thread/INFO]: Adding skybox nuit:sky/overworld/301-400_events/sky307_lightning3_stage1.json
[19:41:31] [Render thread/INFO]: Adding skybox nuit:sky/overworld/301-400_events/sky308_lightning3_stage2.json
[19:41:31] [Render thread/INFO]: Adding skybox nuit:sky/overworld/301-400_events/sky309_lightning4_stage1.json
[19:41:31] [Render thread/INFO]: Adding skybox nuit:sky/overworld/301-400_events/sky310_lightning4_stage2.json
[19:41:31] [Render thread/INFO]: Adding skybox nuit:sky/overworld/301-400_events/sky311_lightning_high1.json
[19:41:31] [Render thread/INFO]: Adding skybox nuit:sky/overworld/301-400_events/sky312_lightning_high2.json
[19:41:31] [Render thread/INFO]: Adding skybox nuit:sky/overworld/301-400_events/sky313_lightning_high3.json
[19:41:31] [Render thread/INFO]: Adding skybox nuit:sky/overworld/301-400_events/sky314_lightning_high4.json
[19:41:31] [Render thread/INFO]: Adding skybox nuit:sky/overworld/301-400_events/sky315_tornado.json
[19:41:31] [Render thread/INFO]: Adding skybox nuit:sky/overworld/301-400_events/sky316_tornado_anim.json
[19:41:31] [Render thread/INFO]: Adding skybox nuit:sky/overworld/301-400_events/sky317_tornado_high.json
[19:41:31] [Render thread/INFO]: Adding skybox nuit:sky/overworld/301-400_events/sky318_mammatus_low.json
[19:41:31] [Render thread/INFO]: Adding skybox nuit:sky/overworld/301-400_events/sky319_mammatus_high.json
[19:41:32] [Render thread/INFO]: Adding skybox nuit:sky/overworld/301-400_events/sky320_hurricane_low.json
[19:41:32] [Render thread/INFO]: Adding skybox nuit:sky/overworld/301-400_events/sky321_hurricane_high.json
[19:41:32] [Render thread/INFO]: Adding skybox nuit:sky/overworld/301-400_events/sky322_asperitas_low.json
[19:41:32] [Render thread/INFO]: Adding skybox nuit:sky/overworld/301-400_events/sky323_asperitas_high.json
[19:41:32] [Render thread/INFO]: Adding skybox nuit:sky/overworld/301-400_events/sky324_lightning_far_low.json
[19:41:32] [Render thread/INFO]: Adding skybox nuit:sky/overworld/301-400_events/sky325_lightning_far_high.json
[19:41:32] [Render thread/INFO]: Adding skybox nuit:sky/overworld/301-400_events/sky326_fiery_sunset_low.json
[19:41:32] [Render thread/INFO]: Adding skybox nuit:sky/overworld/301-400_events/sky327_fiery_sunset_high.json
[19:41:32] [Render thread/INFO]: Adding skybox nuit:sky/overworld/301-400_events/sky328_noctilucent_low.json
[19:41:32] [Render thread/INFO]: Adding skybox nuit:sky/overworld/301-400_events/sky329_noctilucent_high.json
[19:41:32] [Render thread/INFO]: Adding skybox nuit:sky/overworld/301-400_events/sky330_iridescent_clouds_1.json
[19:41:32] [Render thread/INFO]: Adding skybox nuit:sky/overworld/301-400_events/sky331_iridescent_clouds_2.json
[19:41:32] [Render thread/INFO]: Adding skybox nuit:sky/overworld/301-400_events/sky332_iridescent_clouds_3.json
[19:41:33] [Render thread/INFO]: Adding skybox nuit:sky/overworld/301-400_events/sky333_supercell_low.json
[19:41:33] [Render thread/INFO]: Adding skybox nuit:sky/overworld/301-400_events/sky334_supercell_high.json
[19:41:33] [Render thread/INFO]: Adding skybox nuit:sky/overworld/401-500_solar_eclipse/sky401_eclipse_sky.json
[19:41:33] [Render thread/INFO]: Adding skybox nuit:sky/overworld/401-500_solar_eclipse/sky402_stars_low.json
[19:41:34] [Render thread/INFO]: Adding skybox nuit:sky/overworld/401-500_solar_eclipse/sky403_stars_high.json
[19:41:34] [Render thread/INFO]: Adding skybox nuit:sky/overworld/401-500_solar_eclipse/sky404_black_hole.json
[19:41:34] [Render thread/INFO]: Adding skybox nuit:sky/overworld/401-500_solar_eclipse/sky405_saturn_neptune.json
[19:41:34] [Render thread/INFO]: Adding skybox nuit:sky/overworld/401-500_solar_eclipse/sky406_jupiter_uranus.json
[19:41:34] [Render thread/INFO]: Adding skybox nuit:sky/overworld/401-500_solar_eclipse/sky407_sun.json
[19:41:34] [Render thread/INFO]: Adding skybox nuit:sky/overworld/401-500_solar_eclipse/sky408_moon.json
[19:41:35] [Render thread/INFO]: Adding skybox nuit:sky/overworld/401-500_solar_eclipse/sky409_moon_mask_eclipse.json
[19:41:35] [Render thread/INFO]: Adding skybox nuit:sky/overworld/401-500_solar_eclipse/sky410_moon_mask_eclipse_high.json
[19:41:35] [Render thread/INFO]: Adding skybox nuit:sky/overworld/401-500_solar_eclipse/sky411_eclipse.json
[19:41:35] [Render thread/INFO]: Adding skybox nuit:sky/overworld/401-500_solar_eclipse/sky412_eclipse_overcast.json
[19:41:35] [Render thread/INFO]: Adding skybox nuit:sky/overworld/401-500_solar_eclipse/sky413_eclipse_normal1.json
[19:41:35] [Render thread/INFO]: Adding skybox nuit:sky/overworld/401-500_solar_eclipse/sky413_eclipse_normal1_mod.json
[19:41:35] [Render thread/INFO]: Adding skybox nuit:sky/overworld/401-500_solar_eclipse/sky414_eclipse_normal2.json
[19:41:35] [Render thread/INFO]: Adding skybox nuit:sky/overworld/401-500_solar_eclipse/sky415_eclipse_normal3.json
[19:41:35] [Render thread/INFO]: Adding skybox nuit:sky/overworld/401-500_solar_eclipse/sky416_eclipse_normal4.json
[19:41:35] [Render thread/INFO]: Adding skybox nuit:sky/overworld/401-500_solar_eclipse/sky417_eclipse_normal5.json
[19:41:35] [Render thread/INFO]: Adding skybox nuit:sky/overworld/401-500_solar_eclipse/sky418_eclipse_hot.json
[19:41:35] [Render thread/INFO]: Adding skybox nuit:sky/overworld/401-500_solar_eclipse/sky419_eclipse_clear.json
[19:41:35] [Render thread/INFO]: Adding skybox nuit:sky/overworld/401-500_solar_eclipse/sky420_eclipse_overcast_high.json
[19:41:35] [Render thread/INFO]: Adding skybox nuit:sky/overworld/401-500_solar_eclipse/sky421_eclipse_normal1_high.json
[19:41:35] [Render thread/INFO]: Adding skybox nuit:sky/overworld/401-500_solar_eclipse/sky421_eclipse_normal1_high_mod.json
[19:41:35] [Render thread/INFO]: Adding skybox nuit:sky/overworld/401-500_solar_eclipse/sky422_eclipse_normal2_high.json
[19:41:36] [Render thread/INFO]: Adding skybox nuit:sky/overworld/401-500_solar_eclipse/sky423_eclipse_normal3_high.json
[19:41:36] [Render thread/INFO]: Adding skybox nuit:sky/overworld/401-500_solar_eclipse/sky424_eclipse_normal4_high.json
[19:41:36] [Render thread/INFO]: Adding skybox nuit:sky/overworld/401-500_solar_eclipse/sky425_eclipse_normal5_high.json
[19:41:36] [Render thread/INFO]: Adding skybox nuit:sky/overworld/401-500_solar_eclipse/sky426_eclipse_hot_high.json
[19:41:36] [Render thread/INFO]: Adding skybox nuit:sky/overworld/401-500_solar_eclipse/sky427_eclipse_clear_high.json
[19:41:36] [Render thread/INFO]: Adding skybox nuit:sky/overworld/401-500_solar_eclipse/sky428_eclipse_rainbow.json
[19:41:36] [Render thread/INFO]: Adding skybox nuit:sky/overworld/401-500_solar_eclipse/sky429_eclipse_snow.json
[19:41:36] [Render thread/INFO]: Adding skybox nuit:sky/overworld/401-500_solar_eclipse/sky430_eclipse_snow_high.json
[19:41:36] [Render thread/INFO]: Adding skybox nuit:sky/overworld/401-500_solar_eclipse/sky431_eclipse_thunder_snow.json
[19:41:36] [Render thread/INFO]: Adding skybox nuit:sky/overworld/401-500_solar_eclipse/sky432_eclipse_thunder_snow_high.json
[19:41:36] [Render thread/INFO]: Adding skybox nuit:sky/overworld/401-500_solar_eclipse/sky433_eclipse_rain.json
[19:41:36] [Render thread/INFO]: Adding skybox nuit:sky/overworld/401-500_solar_eclipse/sky433_eclipse_rain_mod.json
[19:41:36] [Render thread/INFO]: Adding skybox nuit:sky/overworld/401-500_solar_eclipse/sky434_eclipse_rain_high.json
[19:41:36] [Render thread/INFO]: Adding skybox nuit:sky/overworld/401-500_solar_eclipse/sky434_eclipse_rain_high_mod.json
[19:41:37] [Render thread/INFO]: Adding skybox nuit:sky/overworld/401-500_solar_eclipse/sky435_eclipse_thunder_rain.json
[19:41:37] [Render thread/INFO]: Adding skybox nuit:sky/overworld/401-500_solar_eclipse/sky435_eclipse_thunder_rain_mod.json
[19:41:37] [Render thread/INFO]: Adding skybox nuit:sky/overworld/401-500_solar_eclipse/sky436_eclipse_thunder_rain_high.json
[19:41:37] [Render thread/INFO]: Adding skybox nuit:sky/overworld/401-500_solar_eclipse/sky436_eclipse_thunder_rain_high_mod.json
[19:41:37] [Render thread/INFO]: Adding skybox nuit:sky/overworld/401-500_solar_eclipse/sky437_eclipse_sandstorm.json
[19:41:37] [Render thread/INFO]: Adding skybox nuit:sky/overworld/401-500_solar_eclipse/sky438_eclipse_sandstorm_high.json
[19:41:37] [Render thread/INFO]: Adding skybox nuit:sky/overworld/401-500_solar_eclipse/sky439_eclipse_thunder_sandstorm.json
[19:41:37] [Render thread/INFO]: Adding skybox nuit:sky/overworld/401-500_solar_eclipse/sky440_eclipse_thunder_sandstorm_high.json
[19:41:37] [Render thread/INFO]: Adding skybox nuit:sky/overworld/401-500_solar_eclipse/sky441_eclipse_sky_tint.json
[19:41:37] [Render thread/INFO]: Adding skybox nuit:sky/overworld/401-500_solar_eclipse/sky442_eclipse_sky_tint_high.json
[19:41:37] [Render thread/INFO]: Adding skybox nuit:sky/overworld/501-600_earth/sky501_earth_mask.json
[19:41:37] [Render thread/INFO]: Adding skybox nuit:sky/overworld/501-600_earth/sky502_earth_day.json
[19:41:37] [Render thread/INFO]: Adding skybox nuit:sky/overworld/501-600_earth/sky503_hurricane.json
[19:41:37] [Render thread/INFO]: Adding skybox nuit:sky/overworld/501-600_earth/sky504_earth_shadow_sunset_sunrise.json
[19:41:37] [Render thread/INFO]: Adding skybox nuit:sky/overworld/501-600_earth/sky505_earth_night.json
[19:41:37] [Render thread/INFO]: Adding skybox nuit:sky/overworld/501-600_earth/sky506_earth_sunset_sunrise.json
[19:41:37] [Render thread/INFO]: Adding skybox nuit:sky/overworld/501-600_earth/sky507_eclipse_shadow.json
[19:41:37] [Render thread/INFO]: Adding skybox nuit:sky/set_a_keybind_for_toggle-debug-hud_to_turn_this_text_off.json
[19:41:37] [Render thread/INFO]: Adding skybox nuit:sky/the_end/sky001_end_main.json
[19:41:37] [Render thread/INFO]: Adding skybox nuit:sky/the_end/sky002_end_highlands.json
[19:41:38] [Render thread/INFO]: Adding skybox nuit:sky/the_end/sky003_end_midlands.json
[19:41:38] [Render thread/INFO]: Adding skybox nuit:sky/the_end/sky004_end_barrens.json
[19:41:38] [Render thread/INFO]: Adding skybox nuit:sky/the_end/sky005_small_end_islands.json
[19:41:38] [Render thread/INFO]: Adding skybox nuit:sky/the_end/sky006_distortion.json
[19:41:38] [Render thread/INFO]: Adding skybox nuit:sky/the_end/sky007_distortion.json
[19:41:38] [Render thread/INFO]: Adding skybox nuit:sky/the_end/sky008_distortion.json
[19:41:38] [Render thread/INFO]: Adding skybox nuit:sky/the_end/sky009_distortion.json
[19:41:38] [Render thread/INFO]: Adding skybox nuit:sky/the_end/sky010_end_mod.json
[19:41:38] [Render thread/INFO]: Adding skybox nuit:sky/the_end/sky011_distortion_mod.json
[19:41:38] [Render thread/INFO]: Adding skybox nuit:sky/the_end/sky012_black_hole.json
[19:41:38] [Render thread/INFO]: Adding skybox nuit:sky/the_end/sky013_end_flash.json
[19:41:38] [Render thread/INFO]: Adding skybox nuit:sky/the_nether/sky001.json
[19:41:38] [Render thread/INFO]: Adding skybox nuit:sky/the_nether/sky002.json
[19:41:38] [Render thread/INFO]: Adding skybox nuit:sky/the_nether/sky003.json
[19:41:38] [Render thread/INFO]: Adding skybox nuit:sky/the_nether/sky004.json
[19:41:38] [Render thread/INFO]: Adding skybox nuit:sky/the_nether/sky005_mod.json
[19:41:38] [Render thread/INFO]: [FANCYMENU] Minecraft resource reload: FINISHED
[19:41:38] [Render thread/ERROR]: The following compatibility issues were found with installed resource packs:
- Resource pack: CLaW%20v.1.2%201.21.11%2B.zip
	- Problem found: 
		- Description:
			The resource pack modifies shader include files, which are not fully supported
		- More information: https://github.com/CaffeineMC/sodium/wiki/Resource-Packs
		- Files: 
			- shaders/include/fog.glsl

[19:41:39] [Render thread/INFO]: [FANCYMENU] ScreenCustomizationLayer registered: title_screen
[19:41:40] [Render thread/INFO]: Resizing Dynamic Transforms UBO, capacity limit of 2 reached during a single frame. New capacity will be 4.
[19:41:40] [IO-Worker-1/INFO]: Could not authorize you against Realms server: java.lang.RuntimeException: Failed to parse into SignedJWT: 0
[19:41:40] [IO-Worker-1/ERROR]: Couldn't connect to realms
net.minecraft.class_4355: Realms authentication error with message 'java.lang.RuntimeException: Failed to parse into SignedJWT: 0'
	at knot//net.minecraft.class_4341.method_20998(class_4341.java:526)
	at knot//net.minecraft.class_4341.method_21027(class_4341.java:307)
	at knot//net.minecraft.class_8647.method_52627(class_8647.java:48)
	at java.base/java.util.concurrent.CompletableFuture$AsyncSupply.run(CompletableFuture.java:1768)
	at java.base/java.util.concurrent.ThreadPoolExecutor.runWorker(ThreadPoolExecutor.java:1144)
	at java.base/java.util.concurrent.ThreadPoolExecutor$Worker.run(ThreadPoolExecutor.java:642)
	at java.base/java.lang.Thread.run(Thread.java:1583)
[19:41:43] [Render thread/INFO]: [FANCYMENU] Smooth font atlas initialized: file='noto_sans.ttf', source=0, size=36px, style=plain, sizePx=1024x1024.
[19:41:44] [Render thread/INFO]: [FANCYMENU] ScreenCustomizationLayer registered: join_multiplayer_screen
[19:41:49] [Render thread/INFO]: [FANCYMENU] ScreenCustomizationLayer registered: progress_screen
[19:41:49] [Render thread/INFO]: [FANCYMENU] ScreenCustomizationLayer registered: connect_screen
[19:41:49] [Render thread/INFO]: Connecting to mc.agerapvp.club, 25565
[19:41:50] [Download-2/ERROR]: Failed to retrieve profile key pair
com.mojang.authlib.exceptions.MinecraftClientHttpException: Status: 401
	at knot//com.mojang.authlib.minecraft.client.MinecraftClient.readInputStream(MinecraftClient.java:103)
	at knot//com.mojang.authlib.minecraft.client.MinecraftClient.post(MinecraftClient.java:64)
	at knot//com.mojang.authlib.yggdrasil.YggdrasilUserApiService.getKeyPair(YggdrasilUserApiService.java:61)
	at knot//net.minecraft.class_7434.method_43605(class_7434.java:128)
	at knot//net.minecraft.class_7434.method_44291(class_7434.java:77)
	at java.base/java.util.concurrent.CompletableFuture$AsyncSupply.run(CompletableFuture.java:1768)
	at java.base/java.util.concurrent.ThreadPoolExecutor.runWorker(ThreadPoolExecutor.java:1144)
	at java.base/java.util.concurrent.ThreadPoolExecutor$Worker.run(ThreadPoolExecutor.java:642)
	at java.base/java.lang.Thread.run(Thread.java:1583)
[19:41:51] [Render thread/INFO]: Enforcing safe world random access
[19:41:51] [Render thread/INFO]: Started 6 worker threads
[19:41:51] [Render thread/INFO]: [FANCYMENU] ScreenCustomizationLayer registered: level_loading_screen
[19:41:51] [Render thread/INFO]: [voicechat] Sending secret request to the server
[19:41:51] [Render thread/INFO]: [ShulkerBoxTooltip Plugins] Loading 1 plugin: shulkerboxtooltip
[19:41:51] [Render thread/INFO]: [ShulkerBoxTooltip Plugins] Registered 20 color keys for mod shulkerboxtooltip
[19:41:51] [Render thread/INFO]: [ShulkerBoxTooltip Plugins] Registered 51 providers for mod shulkerboxtooltip
[19:41:52] [Render thread/WARN]: Ignoring player info update for unknown player 97537646-5d2d-34d2-a470-c451438edc04 ([UPDATE_GAME_MODE])
[19:41:52] [Render thread/WARN]: Ignoring player info update for unknown player e287056b-1245-3d47-a9d4-09c5c29c58eb ([UPDATE_GAME_MODE])
[19:41:52] [Render thread/WARN]: Ignoring player info update for unknown player dcfaf9a8-60b6-3af8-b407-6dc4e880d61f ([UPDATE_GAME_MODE])
[19:41:53] [Render thread/INFO]: Resizing Dynamic Transforms UBO, capacity limit of 4 reached during a single frame. New capacity will be 8.
[19:41:57] [Render thread/INFO]: Resizing Dynamic Transforms UBO, capacity limit of 8 reached during a single frame. New capacity will be 16.
[19:41:57] [Render thread/WARN]: CombatHitboxes couldn't load the config, using defaults.
[19:41:57] [Render thread/INFO]: [System] [CHAT] §8§m-------------------------------------------\n§bТы не привязал свой Discord-аккаунт!\n§fСделай это, чтобы на нашем Discord-сервере\n§fпоказывалась §bроль§f, соответствующая §bтвоему рангу§f!\n§e\n§3§nЧто нужно сделать:\n§b1. §fЗайди на наш сервер: §bhttps://a4x.cx/ageradiscord\n§b2. §fПосмотри канал §b#привязка §fи следуй инструкции.\n§8§m-------------------------------------------
[19:41:57] [Render thread/INFO]: Resizing Dynamic Transforms UBO, capacity limit of 16 reached during a single frame. New capacity will be 32.
[19:41:57] [Render thread/WARN]: Ignoring player info update for unknown player 1c75819b-2581-332c-b307-a20712faa4d1 ([UPDATE_GAME_MODE])
[19:42:00] [Render thread/INFO]: [FANCYMENU] ScreenCustomizationLayer registered: chat_screen
[19:42:15] [Render thread/INFO]: [FANCYMENU] ScreenCustomizationLayer registered: pause_screen
[19:42:15] [Render thread/INFO]: [FANCYMENU] ScreenCustomizationLayer registered: com.quickskin.mod.client.gui.screen.PlayerSkinMenuScreen
[19:42:22] [Render thread/INFO]: [FANCYMENU] ScreenCustomizationLayer registered: com.quickskin.mod.client.gui.screen.PlayerCapeMenuScreen
[19:42:22] [Render thread/INFO]: [System] [CHAT] \n §fСоздаете §cкачественный контент §fи желаете\n §fстать §cютубером §fнашего проекта?\n §fПодавайте заявку §cна получение статуса §fпрямо сейчас!§f\n\n §7[Подать заявку]\n\n
[19:42:26] [Render thread/WARN]: Ignoring player info update for unknown player 0329c7a7-f324-3217-8a33-1588247b0329 ([UPDATE_GAME_MODE])
[19:42:26] [Render thread/WARN]: Ignoring player info update for unknown player 809badee-f5f2-363d-94dd-a6fda206d304 ([UPDATE_GAME_MODE])
[19:42:26] [Render thread/WARN]: Ignoring player info update for unknown player f22ef2ce-dfeb-31ac-a901-abbcc1a1261b ([UPDATE_GAME_MODE])
[19:42:26] [Render thread/WARN]: Ignoring player info update for unknown player a7014d4f-7cbd-316e-9bef-07461d29b9b9 ([UPDATE_GAME_MODE])
[19:42:26] [Render thread/WARN]: Ignoring player info update for unknown player 705eac1a-faec-33ef-95f2-c5b9a37d7d13 ([UPDATE_GAME_MODE])
[19:42:29] [Render thread/WARN]: Requested creation of existing team 'ZNPC/217'
[19:42:30] [Render thread/INFO]: [FANCYMENU] ScreenCustomizationLayer registered: container_screen
[19:42:30] [Render thread/WARN]: Requested creation of existing team 'ZNPC/11'
[19:42:43] [Render thread/INFO]: [System] [CHAT] §9\n§7Kwvanty §fотправил запрос на приглашение §7Backmounta §fв группу.\n§fУ него есть §b60 секунд§f, чтобы принять запрос.\n§9
[19:42:44] [Render thread/WARN]: Ignoring player info update for unknown player 22f9e8fc-81a8-3bc6-a09d-f1b5524554cf ([UPDATE_GAME_MODE])
[19:42:44] [Render thread/WARN]: Ignoring player info update for unknown player bf519e6a-f893-35ff-a80a-e44f5f1307a1 ([UPDATE_GAME_MODE])
[19:42:44] [Render thread/INFO]: [System] [CHAT] MASTER KLurka зашёл на сервер
[19:42:45] [Render thread/WARN]: Ignoring player info update for unknown player 5a27e744-ddc8-391f-b2bf-1bc536822b71 ([UPDATE_GAME_MODE])
[19:42:50] [Render thread/WARN]: Ignoring player info update for unknown player 84f5c568-91b6-3e90-ba8f-bd803f867298 ([UPDATE_GAME_MODE])
[19:42:51] [Render thread/WARN]: Ignoring player info update for unknown player 21ffb4f9-4ac9-3788-80b4-5799537b1d91 ([UPDATE_GAME_MODE])
[19:42:54] [Render thread/WARN]: Ignoring player info update for unknown player db507d76-1d76-493a-988a-a3230e36149d ([UPDATE_GAME_MODE])
[19:42:54] [Render thread/INFO]: [System] [CHAT] IRON Karal_Username зашёл на сервер
[19:42:58] [Render thread/WARN]: Ignoring player info update for unknown player 5883ec14-f4cd-3bab-a6a0-184429755bf0 ([UPDATE_GAME_MODE])
[19:42:58] [Render thread/WARN]: Ignoring player info update for unknown player c9c3aaa5-fb96-3014-b095-695c14c2c75f ([UPDATE_GAME_MODE])
[19:42:58] [Render thread/WARN]: Ignoring player info update for unknown player 4e7444dc-4a71-323c-854d-9edd6d03cdcd ([UPDATE_GAME_MODE])
[19:42:58] [Render thread/WARN]: Ignoring player info update for unknown player 70d784c9-914f-316e-88a6-f680c5ca483c ([UPDATE_GAME_MODE])
[19:42:58] [Render thread/WARN]: Ignoring player info update for unknown player 0b705c64-3f7b-3cce-83ff-21b2f135615e ([UPDATE_GAME_MODE])
[19:43:12] [Render thread/INFO]: [FANCYMENU] ScreenCustomizationLayer registered: options_screen
[19:43:12] [Render thread/WARN]: Requested creation of existing team 'ZNPC/8'
[19:43:12] [Render thread/WARN]: Requested creation of existing team 'ZNPC/53'
[19:43:12] [Render thread/WARN]: Requested creation of existing team 'ZNPC/214'
[19:43:16] [Render thread/WARN]: Ignoring player info update for unknown player 06ca8e4a-a365-302a-85c9-c7eda2f7119c ([UPDATE_GAME_MODE])
[19:43:16] [Render thread/INFO]: [System] [CHAT] IRON nootmeequT зашёл на сервер
[19:43:17] [Render thread/WARN]: Ignoring player info update for unknown player 46864e92-0a1a-3f97-9d2a-770ec39664f4 ([UPDATE_GAME_MODE])
[19:43:17] [Render thread/WARN]: Ignoring player info update for unknown player 477246b2-117e-431c-8f77-fcc29873a175 ([UPDATE_GAME_MODE])
[19:43:17] [Render thread/INFO]: [System] [CHAT] IRON lvl21 зашёл на сервер
[19:43:25] [Render thread/INFO]: [System] [CHAT] §b§lParty §8▶ §cПриглашение уже отправлено
[19:43:25] [Render thread/WARN]: Requested creation of existing team 'ZNPC/14'
[19:43:25] [Render thread/WARN]: Requested creation of existing team 'ZNPC/53'
[19:43:25] [Render thread/WARN]: Requested creation of existing team 'ZNPC/229'
[19:43:25] [Render thread/INFO]: [System] [CHAT] §b§lAgeraPvP §8▶ §cПодождите немного перед следующей командой..
[19:43:25] [Render thread/INFO]: [System] [CHAT] §b§lAgeraPvP §8▶ §cПодождите немного перед следующей командой..
[19:43:26] [Render thread/INFO]: [System] [CHAT] §b§lAgeraPvP §8▶ §cПодождите немного перед следующей командой..
[19:43:26] [Render thread/WARN]: Requested creation of existing team 'ZNPC/228'
[19:43:26] [Render thread/INFO]: [System] [CHAT] §b§lAgeraPvP §8▶ §cПодождите немного перед следующей командой..
[19:43:27] [Render thread/WARN]: Requested creation of existing team 'ZNPC/21'
[19:43:27] [Render thread/WARN]: Requested creation of existing team 'ZNPC/25'
[19:43:28] [Render thread/WARN]: Requested creation of existing team 'ZNPC/17'
[19:43:28] [Render thread/WARN]: Requested creation of existing team 'ZNPC/29'
[19:43:28] [Render thread/WARN]: Requested creation of existing team 'ZNPC/33'
[19:43:28] [Render thread/WARN]: Requested creation of existing team 'ZNPC/37'
[19:43:28] [Render thread/WARN]: Requested creation of existing team 'ZNPC/41'
[19:43:28] [Render thread/WARN]: Requested creation of existing team 'ZNPC/49'
[19:43:29] [Render thread/WARN]: Requested creation of existing team 'ZNPC/45'
[19:43:29] [Render thread/WARN]: Requested creation of existing team 'ZNPC/217'
[19:43:31] [Render thread/WARN]: Requested creation of existing team 'ZNPC/217'
[19:43:33] [Render thread/INFO]: [System] [CHAT] §b§lParty §8▶ §cПриглашение уже отправлено
[19:43:37] [Render thread/WARN]: Ignoring player info update for unknown player 21ee257e-bae9-3bb8-aae6-0c9d6392d6ec ([UPDATE_GAME_MODE])
[19:43:37] [Render thread/WARN]: Ignoring player info update for unknown player 5a27e744-ddc8-391f-b2bf-1bc536822b71 ([UPDATE_GAME_MODE])
[19:43:38] [Render thread/INFO]: [System] [CHAT] §b§lParty §8▶ §cПриглашение уже отправлено
[19:43:39] [Render thread/INFO]: [System] [CHAT] §b§lAgeraPvP §8▶ §cПодождите немного перед следующей командой..
[19:43:39] [Render thread/WARN]: Ignoring player info update for unknown player c3c7ca67-a7e8-33dd-9d23-f2a6449fa819 ([UPDATE_GAME_MODE])
[19:43:43] [Render thread/INFO]: [System] [CHAT] §9\n§7Backmounta §fне успел принять запрос в группу.\n§fПредложение §bистекло§f.\n§9
[19:43:44] [Render thread/WARN]: Ignoring player info update for unknown player fd2852d8-eaca-3cff-a306-86a9406636f1 ([UPDATE_GAME_MODE])
[19:43:45] [Render thread/INFO]: [System] [CHAT] §9\n§7Kwvanty §fотправил запрос на приглашение §7Backmounta §fв группу.\n§fУ него есть §b60 секунд§f, чтобы принять запрос.\n§9
[19:43:48] [Render thread/WARN]: Requested creation of existing team 'ZNPC/14'
[19:43:48] [Render thread/WARN]: Requested creation of existing team 'ZNPC/53'
[19:43:48] [Render thread/WARN]: Requested creation of existing team 'ZNPC/229'
[19:43:49] [Render thread/WARN]: Requested creation of existing team 'ZNPC/228'
[19:43:49] [Render thread/WARN]: Requested creation of existing team 'ZNPC/25'
[19:43:49] [Render thread/WARN]: Requested creation of existing team 'ZNPC/17'
[19:43:49] [Render thread/WARN]: Requested creation of existing team 'ZNPC/21'
[19:43:50] [Render thread/INFO]: [System] [CHAT] §9\n§7Backmounta §fприсоединился к группе. §a§l[+]\n§9
[19:43:50] [Render thread/WARN]: Requested creation of existing team 'ZNPC/217'
[19:43:50] [Render thread/WARN]: Requested creation of existing team 'ZNPC/45'
[19:43:50] [Render thread/WARN]: Requested creation of existing team 'ZNPC/37'
[19:43:50] [Render thread/WARN]: Requested creation of existing team 'ZNPC/29'
[19:43:50] [Render thread/WARN]: Requested creation of existing team 'ZNPC/33'
[19:43:50] [Render thread/WARN]: Requested creation of existing team 'ZNPC/41'
[19:43:50] [Render thread/WARN]: Requested creation of existing team 'ZNPC/49'
[19:43:53] [Render thread/INFO]: [System] [CHAT] §7Connecting...
[19:43:53] [Render thread/INFO]: [FANCYMENU] ScreenCustomizationLayer registered: net.minecraft.class_8671
[19:43:53] [Render thread/INFO]: Stopping worker threads
[19:43:53] [Render thread/INFO]: Started 6 worker threads
[19:43:53] [Render thread/INFO]: [voicechat] Disconnecting from previous connection due to server change
[19:43:53] [Render thread/INFO]: [voicechat] Clearing audio channels
[19:43:53] [Render thread/INFO]: [voicechat] Sending secret request to the server
[19:43:54] [Render thread/INFO]: [System] [CHAT] §f\n§fВам доступно §b12 §fзаданий для выполнения. \n§fЧтобы открыть меню с заданиями, введите команду §b/quests\n§f
[19:43:54] [Render thread/WARN]: Server attempted to add player prior to sending player info (Player id 464bedfc-5116-44e8-9ecc-0e482a65eff5)
[19:43:54] [Render thread/WARN]: Skipping Entity with id entity.minecraft.player
[19:43:56] [Render thread/INFO]: Stopping worker threads
[19:43:56] [Render thread/INFO]: Started 6 worker threads
[19:43:56] [Render thread/INFO]: [voicechat] Disconnecting from previous connection due to server change
[19:43:56] [Render thread/INFO]: [voicechat] Clearing audio channels
[19:43:56] [Render thread/INFO]: [voicechat] Sending secret request to the server
[19:43:56] [Render thread/WARN]: Ignoring player info update for unknown player f138103f-b727-3fb1-ab0b-2057a2094c96 ([UPDATE_GAME_MODE])
[19:43:56] [Render thread/INFO]: [System] [CHAT] [+] Kwvanty присоединился к игре (1/2)
[19:43:56] [Render thread/INFO]: [System] [CHAT] [+] Backmounta присоединился к игре (2/2)
[19:43:56] [Render thread/INFO]: [System] [CHAT] Игра начинается через 5 секунд!
[19:43:58] [Render thread/WARN]: Ignoring player info update for unknown player 01657dc6-bd4f-394e-843f-2128d301d28c ([UPDATE_LATENCY])
[19:43:58] [Render thread/WARN]: Ignoring player info update for unknown player 5b5085a1-3806-32a9-9380-ab7109492854 ([UPDATE_LATENCY])
[19:43:58] [Render thread/WARN]: Ignoring player info update for unknown player f7e23d90-a410-37e8-8695-da99d4f254a9 ([UPDATE_LATENCY])
[19:43:58] [Render thread/WARN]: Ignoring player info update for unknown player 198f6118-d82a-3fb2-a0f3-4ccf5a8bc47d ([UPDATE_LATENCY])
[19:43:58] [Render thread/WARN]: Ignoring player info update for unknown player 5e63a31b-38cf-3898-9097-8fada5298025 ([UPDATE_LATENCY])
[19:43:58] [Render thread/WARN]: Ignoring player info update for unknown player cb76938f-6a91-3f2a-b2d4-3ec76d6d94f9 ([UPDATE_LATENCY])
[19:43:58] [Render thread/WARN]: Ignoring player info update for unknown player 0329c7a7-f324-3217-8a33-1588247b0329 ([UPDATE_LATENCY])
[19:43:58] [Render thread/WARN]: Ignoring player info update for unknown player 36b4b0f2-476a-3313-ade7-29077497a735 ([UPDATE_LATENCY])
[19:43:58] [Render thread/WARN]: Ignoring player info update for unknown player fa85adac-53df-36a7-98d0-087c49ce0fbf ([UPDATE_LATENCY])
[19:43:58] [Render thread/WARN]: Ignoring player info update for unknown player eaa2555d-52ac-356a-87ad-2ba231132f23 ([UPDATE_LATENCY])
[19:43:58] [Render thread/WARN]: Ignoring player info update for unknown player 5c72791e-5a08-3064-a33d-6047f55284eb ([UPDATE_LATENCY])
[19:43:58] [Render thread/WARN]: Ignoring player info update for unknown player 0174ac27-02ac-3415-a6e6-df680273ed80 ([UPDATE_LATENCY])
[19:43:58] [Render thread/WARN]: Ignoring player info update for unknown player 2eafe82b-3383-325d-ad04-5106aedea364 ([UPDATE_LATENCY])
[19:43:58] [Render thread/WARN]: Ignoring player info update for unknown player 67e1b5ef-f93e-32f0-9850-099b65fe6839 ([UPDATE_LATENCY])
[19:43:58] [Render thread/WARN]: Ignoring player info update for unknown player 06099699-e40e-3a0a-9996-2d191e28dcc8 ([UPDATE_LATENCY])
[19:43:58] [Render thread/WARN]: Ignoring player info update for unknown player b8ab4605-fb57-364b-8b67-bd92f4360eb8 ([UPDATE_LATENCY])
[19:43:58] [Render thread/WARN]: Ignoring player info update for unknown player 458d3192-467b-33f1-8f37-ca4cdba11145 ([UPDATE_LATENCY])
[19:43:58] [Render thread/WARN]: Ignoring player info update for unknown player f0dffe73-5813-3d1d-b86c-c6adb693d9bb ([UPDATE_LATENCY])
[19:43:58] [Render thread/WARN]: Ignoring player info update for unknown player a4535e68-5383-331d-8491-ac463cdfaf17 ([UPDATE_LATENCY])
[19:43:58] [Render thread/WARN]: Ignoring player info update for unknown player 74deed70-2533-3475-bece-a7e2f12d2d67 ([UPDATE_LATENCY])
[19:43:58] [Render thread/WARN]: Ignoring player info update for unknown player e749a34b-8b46-33f3-94da-1efbafa878bb ([UPDATE_LATENCY])
[19:43:58] [Render thread/WARN]: Ignoring player info update for unknown player f6489ea7-7914-32ab-99e5-eff7c1e824be ([UPDATE_LATENCY])
[19:43:58] [Render thread/WARN]: Ignoring player info update for unknown player a8742e5a-44e2-3a18-a497-1f8d5f541090 ([UPDATE_LATENCY])
[19:43:58] [Render thread/INFO]: [System] [CHAT] Игра начинается через 3 секунд!
[19:43:59] [Render thread/INFO]: [System] [CHAT] Игра начинается через 2 секунд!
[19:44:00] [Render thread/INFO]: [System] [CHAT] Игра начинается через 1 секунду!
[19:44:01] [Render thread/INFO]: [System] [CHAT] 
[19:44:01] [Render thread/INFO]: [System] [CHAT]                              Дуэль (режим UHC)
[19:44:01] [Render thread/INFO]: [System] [CHAT] 
[19:44:01] [Render thread/INFO]: [System] [CHAT]                                Ваша задача:
[19:44:01] [Render thread/INFO]: [System] [CHAT]                        Уничтожить своих противников
[19:44:01] [Render thread/INFO]: [System] [CHAT] 
[19:44:01] [Render thread/INFO]: [System] [CHAT]                          Ваш противник: Backmounta
[19:44:01] [Render thread/INFO]: [System] [CHAT] 
[19:44:01] [Render thread/INFO]: [System] [CHAT] 
[19:44:01] [Render thread/INFO]: [System] [CHAT] Игра закончится через 6 минут
[19:44:01] [Render thread/INFO]: [System] [CHAT] ! Ваша статистика не будет затронута в течение этой игры.
[19:44:01] [Render thread/INFO]: Resizing Dynamic Transforms UBO, capacity limit of 32 reached during a single frame. New capacity will be 64.
[19:44:02] [Render thread/INFO]: [FANCYMENU] ScreenCustomizationLayer registered: inventory_screen
[19:44:02] [Render thread/INFO]: [System] [CHAT] \n §fПривилегия §4§lRUBIUM §f— открой доступ к §4уникальным §fвозможностям!\n §fМеняй §4цвет своего префикса §fна любой желаемый,\n §fсоздавай §4приватные игры §fи многое другое!§f\n\n §7[Перейти в магазин]\n\n
[19:44:10] [Render thread/WARN]: Ignoring player info update for unknown player cfefce9a-eb4f-3df3-8f88-f639a57d0ab7 ([UPDATE_GAME_MODE])
[19:44:14] [Render thread/WARN]: Ignoring player info update for unknown player 080c40e2-34a5-3871-8b35-63ec2cc5ac4f ([UPDATE_GAME_MODE])
[19:44:14] [Render thread/WARN]: Ignoring player info update for unknown player a7259a2e-2b58-3e43-8af2-28d0a0faa59f ([UPDATE_GAME_MODE])
[19:44:14] [Render thread/WARN]: Ignoring player info update for unknown player 0b649c38-c447-36e2-88bf-be3cb30832fe ([UPDATE_GAME_MODE])
[19:44:16] [Render thread/WARN]: Ignoring player info update for unknown player 4821baed-d9d6-32b9-bce7-f76d203d330e ([UPDATE_GAME_MODE])
[19:44:16] [Render thread/WARN]: Ignoring player info update for unknown player 712526f2-ca4b-3035-93ca-53e23c379c10 ([UPDATE_GAME_MODE])
[19:44:24] [Render thread/INFO]: [System] [CHAT] [Debug]: Advanced tooltips: shown
[19:44:28] [Render thread/WARN]: Ignoring player info update for unknown player 01657dc6-bd4f-394e-843f-2128d301d28c ([UPDATE_LATENCY])
[19:44:28] [Render thread/WARN]: Ignoring player info update for unknown player 5b5085a1-3806-32a9-9380-ab7109492854 ([UPDATE_LATENCY])
[19:44:28] [Render thread/WARN]: Ignoring player info update for unknown player f7e23d90-a410-37e8-8695-da99d4f254a9 ([UPDATE_LATENCY])
[19:44:28] [Render thread/WARN]: Ignoring player info update for unknown player 198f6118-d82a-3fb2-a0f3-4ccf5a8bc47d ([UPDATE_LATENCY])
[19:44:28] [Render thread/WARN]: Ignoring player info update for unknown player 36b4b0f2-476a-3313-ade7-29077497a735 ([UPDATE_LATENCY])
[19:44:28] [Render thread/WARN]: Ignoring player info update for unknown player fa85adac-53df-36a7-98d0-087c49ce0fbf ([UPDATE_LATENCY])
[19:44:28] [Render thread/WARN]: Ignoring player info update for unknown player 5c72791e-5a08-3064-a33d-6047f55284eb ([UPDATE_LATENCY])
[19:44:28] [Render thread/WARN]: Ignoring player info update for unknown player 0174ac27-02ac-3415-a6e6-df680273ed80 ([UPDATE_LATENCY])
[19:44:28] [Render thread/WARN]: Ignoring player info update for unknown player 2eafe82b-3383-325d-ad04-5106aedea364 ([UPDATE_LATENCY])
[19:44:28] [Render thread/WARN]: Ignoring player info update for unknown player 67e1b5ef-f93e-32f0-9850-099b65fe6839 ([UPDATE_LATENCY])
[19:44:28] [Render thread/WARN]: Ignoring player info update for unknown player 06099699-e40e-3a0a-9996-2d191e28dcc8 ([UPDATE_LATENCY])
[19:44:28] [Render thread/WARN]: Ignoring player info update for unknown player b8ab4605-fb57-364b-8b67-bd92f4360eb8 ([UPDATE_LATENCY])
[19:44:28] [Render thread/WARN]: Ignoring player info update for unknown player 458d3192-467b-33f1-8f37-ca4cdba11145 ([UPDATE_LATENCY])
[19:44:28] [Render thread/WARN]: Ignoring player info update for unknown player f0dffe73-5813-3d1d-b86c-c6adb693d9bb ([UPDATE_LATENCY])
[19:44:28] [Render thread/WARN]: Ignoring player info update for unknown player a4535e68-5383-331d-8491-ac463cdfaf17 ([UPDATE_LATENCY])
[19:44:28] [Render thread/WARN]: Ignoring player info update for unknown player 74deed70-2533-3475-bece-a7e2f12d2d67 ([UPDATE_LATENCY])
[19:44:28] [Render thread/WARN]: Ignoring player info update for unknown player e749a34b-8b46-33f3-94da-1efbafa878bb ([UPDATE_LATENCY])
[19:44:28] [Render thread/WARN]: Ignoring player info update for unknown player cb76938f-6a91-3f2a-b2d4-3ec76d6d94f9 ([UPDATE_LATENCY])
[19:44:28] [Render thread/WARN]: Ignoring player info update for unknown player 5e63a31b-38cf-3898-9097-8fada5298025 ([UPDATE_LATENCY])
[19:44:28] [Render thread/WARN]: Ignoring player info update for unknown player a7259a2e-2b58-3e43-8af2-28d0a0faa59f ([UPDATE_LATENCY])
[19:44:28] [Render thread/WARN]: Ignoring player info update for unknown player 0b649c38-c447-36e2-88bf-be3cb30832fe ([UPDATE_LATENCY])
[19:44:28] [Render thread/WARN]: Ignoring player info update for unknown player 0329c7a7-f324-3217-8a33-1588247b0329 ([UPDATE_LATENCY])
[19:44:28] [Render thread/WARN]: Ignoring player info update for unknown player eaa2555d-52ac-356a-87ad-2ba231132f23 ([UPDATE_LATENCY])
[19:44:28] [Render thread/WARN]: Ignoring player info update for unknown player 4821baed-d9d6-32b9-bce7-f76d203d330e ([UPDATE_LATENCY])
[19:44:28] [Render thread/WARN]: Ignoring player info update for unknown player 712526f2-ca4b-3035-93ca-53e23c379c10 ([UPDATE_LATENCY])
[19:44:37] [Render thread/WARN]: Ignoring player info update for unknown player 308eee18-696e-372b-ac27-1846930996aa ([UPDATE_GAME_MODE])
[19:44:37] [Render thread/WARN]: Ignoring player info update for unknown player f15ee160-8fae-398e-a1c9-e47304f1c70c ([UPDATE_GAME_MODE])
[19:44:38] [Render thread/WARN]: Ignoring player info update for unknown player dc73146a-d247-3478-ad17-5632b031d287 ([UPDATE_GAME_MODE])
[19:44:38] [Render thread/WARN]: Ignoring player info update for unknown player 6813b129-b15d-35fa-9ba9-01b22f3eca6f ([UPDATE_GAME_MODE])
[19:44:38] [Render thread/WARN]: Ignoring player info update for unknown player c894f9d2-af3d-3f7f-9463-fe89c999800e ([UPDATE_GAME_MODE])
[19:44:38] [Render thread/WARN]: Ignoring player info update for unknown player 91577f80-b06c-3d76-b96d-7ca423e87252 ([UPDATE_GAME_MODE])
[19:44:44] [Render thread/INFO]: [System] [CHAT] Backmounta на 4.95 HP!
[19:44:50] [Render thread/WARN]: Ignoring player info update for unknown player b82975e2-77cf-3a1c-966e-42ad10408e7b ([UPDATE_GAME_MODE])
[19:44:53] [Render thread/INFO]: [System] [CHAT] Backmounta был трагически зарезан сзади Kwvanty.
[19:44:53] [Render thread/INFO]: [System] [CHAT] 
[19:44:53] [Render thread/INFO]: [System] [CHAT]                              Дуэль (режим UHC)
[19:44:53] [Render thread/INFO]: [System] [CHAT] 
[19:44:53] [Render thread/INFO]: [System] [CHAT]                               Победитель игры
[19:44:53] [Render thread/INFO]: [System] [CHAT]                                   Kwvanty
[19:44:53] [Render thread/INFO]: [System] [CHAT] 
[19:44:53] [Render thread/INFO]: [System] [CHAT] 
[19:44:54] [Render thread/WARN]: Ignoring player info update for unknown player bf519e6a-f893-35ff-a80a-e44f5f1307a1 ([UPDATE_GAME_MODE])
[19:44:54] [Render thread/WARN]: Ignoring player info update for unknown player 2f63928b-e32d-3890-a018-32f1f0f4f4de ([UPDATE_GAME_MODE])
[19:44:55] [Render thread/INFO]: Stopping worker threads
[19:44:55] [Render thread/INFO]: Started 6 worker threads
[19:44:55] [Render thread/INFO]: [voicechat] Disconnecting from previous connection due to server change
[19:44:55] [Render thread/INFO]: [voicechat] Clearing audio channels
[19:44:55] [Render thread/INFO]: [voicechat] Sending secret request to the server
[19:44:55] [Render thread/WARN]: Ignoring player info update for unknown player f138103f-b727-3fb1-ab0b-2057a2094c96 ([UPDATE_GAME_MODE])
[19:44:55] [Render thread/INFO]: [System] [CHAT] [+] Kwvanty присоединился к игре (2/2)
[19:44:55] [Render thread/INFO]: [System] [CHAT] Игра начинается через 5 секунд!
[19:44:57] [Render thread/INFO]: [System] [CHAT] Игра начинается через 3 секунд!
[19:44:58] [Render thread/INFO]: [System] [CHAT] Игра начинается через 2 секунд!
[19:44:59] [Render thread/INFO]: [System] [CHAT] Игра начинается через 1 секунду!
[19:45:00] [Render thread/INFO]: [System] [CHAT] 
[19:45:00] [Render thread/INFO]: [System] [CHAT]                              Дуэль (режим UHC)
[19:45:00] [Render thread/INFO]: [System] [CHAT] 
[19:45:00] [Render thread/INFO]: [System] [CHAT]                                Ваша задача:
[19:45:00] [Render thread/INFO]: [System] [CHAT]                        Уничтожить своих противников
[19:45:00] [Render thread/INFO]: [System] [CHAT] 
[19:45:00] [Render thread/INFO]: [System] [CHAT]                          Ваш противник: Backmounta
[19:45:00] [Render thread/INFO]: [System] [CHAT] 
[19:45:00] [Render thread/INFO]: [System] [CHAT] 
[19:45:00] [Render thread/INFO]: [System] [CHAT] ! Ваша статистика не будет затронута в течение этой игры.
[19:45:00] [Render thread/INFO]: [System] [CHAT] Игра закончится через 6 минут
[19:45:04] [Render thread/WARN]: Ignoring player info update for unknown player cea3ca02-4508-3838-bd37-35da646b31b5 ([UPDATE_LATENCY])
[19:45:04] [Render thread/WARN]: Ignoring player info update for unknown player b2f1166b-a3e7-39eb-a2dc-321030a4cbc1 ([UPDATE_LATENCY])
[19:45:04] [Render thread/WARN]: Ignoring player info update for unknown player cdf32e4a-ff05-3e21-ace3-df3fdeb9f4a8 ([UPDATE_LATENCY])
[19:45:04] [Render thread/WARN]: Ignoring player info update for unknown player 90a945c8-0636-3068-b83b-24dbedf2ceed ([UPDATE_LATENCY])
[19:45:04] [Render thread/WARN]: Ignoring player info update for unknown player 722f5757-3e09-351f-8f0d-97c2aedd279a ([UPDATE_LATENCY])
[19:45:04] [Render thread/WARN]: Ignoring player info update for unknown player 8d31a064-1cf7-3589-a1e4-e68e97b39d23 ([UPDATE_LATENCY])
[19:45:04] [Render thread/WARN]: Ignoring player info update for unknown player 841291ca-17ea-3fd9-a36a-1ac6a6efd054 ([UPDATE_LATENCY])
[19:45:04] [Render thread/WARN]: Ignoring player info update for unknown player 3706e173-8aa8-308a-9526-866cad436c4f ([UPDATE_LATENCY])
[19:45:04] [Render thread/WARN]: Ignoring player info update for unknown player a5e442b6-a803-3bb1-b5ed-1e8df07f32fd ([UPDATE_LATENCY])
[19:45:04] [Render thread/WARN]: Ignoring player info update for unknown player 25831245-d020-3d46-8520-d4d1a6c4244a ([UPDATE_LATENCY])
[19:45:04] [Render thread/WARN]: Ignoring player info update for unknown player 9f304ecd-6edd-3945-a029-8c261cab30f0 ([UPDATE_LATENCY])
[19:45:04] [Render thread/WARN]: Ignoring player info update for unknown player 705eac1a-faec-33ef-95f2-c5b9a37d7d13 ([UPDATE_LATENCY])
[19:45:04] [Render thread/WARN]: Ignoring player info update for unknown player 97537646-5d2d-34d2-a470-c451438edc04 ([UPDATE_LATENCY])
[19:45:04] [Render thread/WARN]: Ignoring player info update for unknown player 95c42b9f-67c9-3001-aaee-bd12db0a8df3 ([UPDATE_LATENCY])
[19:45:04] [Render thread/WARN]: Ignoring player info update for unknown player fb66c4f9-f29a-3594-9a80-dcdecc35c829 ([UPDATE_LATENCY])
[19:45:13] [Render thread/WARN]: Ignoring player info update for unknown player 74deed70-2533-3475-bece-a7e2f12d2d67 ([UPDATE_GAME_MODE])
[19:45:13] [Render thread/WARN]: Ignoring player info update for unknown player e749a34b-8b46-33f3-94da-1efbafa878bb ([UPDATE_GAME_MODE])
[19:45:16] [Render thread/WARN]: Ignoring player info update for unknown player 67e1b5ef-f93e-32f0-9850-099b65fe6839 ([UPDATE_GAME_MODE])
[19:45:16] [Render thread/WARN]: Ignoring player info update for unknown player 2eafe82b-3383-325d-ad04-5106aedea364 ([UPDATE_GAME_MODE])
[19:45:16] [Render thread/WARN]: Ignoring player info update for unknown player 06099699-e40e-3a0a-9996-2d191e28dcc8 ([UPDATE_GAME_MODE])
[19:45:19] [Render thread/WARN]: Ignoring player info update for unknown player 123719b1-7aba-3fa4-be2c-e30c361920ca ([UPDATE_GAME_MODE])
[19:45:30] [Render thread/INFO]: [System] [CHAT] §f\n§fСейчас §b1 игрок §fстримит на сервере.\n§fИспользуй §b/streams§f чтобы открыть список трансляций!\n§f
[19:45:34] [Render thread/WARN]: Ignoring player info update for unknown player cea3ca02-4508-3838-bd37-35da646b31b5 ([UPDATE_LATENCY])
[19:45:34] [Render thread/WARN]: Ignoring player info update for unknown player b2f1166b-a3e7-39eb-a2dc-321030a4cbc1 ([UPDATE_LATENCY])
[19:45:34] [Render thread/WARN]: Ignoring player info update for unknown player cdf32e4a-ff05-3e21-ace3-df3fdeb9f4a8 ([UPDATE_LATENCY])
[19:45:34] [Render thread/WARN]: Ignoring player info update for unknown player 90a945c8-0636-3068-b83b-24dbedf2ceed ([UPDATE_LATENCY])
[19:45:34] [Render thread/WARN]: Ignoring player info update for unknown player 722f5757-3e09-351f-8f0d-97c2aedd279a ([UPDATE_LATENCY])
[19:45:34] [Render thread/WARN]: Ignoring player info update for unknown player 8d31a064-1cf7-3589-a1e4-e68e97b39d23 ([UPDATE_LATENCY])
[19:45:34] [Render thread/WARN]: Ignoring player info update for unknown player 841291ca-17ea-3fd9-a36a-1ac6a6efd054 ([UPDATE_LATENCY])
[19:45:34] [Render thread/WARN]: Ignoring player info update for unknown player 3706e173-8aa8-308a-9526-866cad436c4f ([UPDATE_LATENCY])
[19:45:34] [Render thread/WARN]: Ignoring player info update for unknown player 25831245-d020-3d46-8520-d4d1a6c4244a ([UPDATE_LATENCY])
[19:45:34] [Render thread/WARN]: Ignoring player info update for unknown player 9f304ecd-6edd-3945-a029-8c261cab30f0 ([UPDATE_LATENCY])
[19:45:34] [Render thread/WARN]: Ignoring player info update for unknown player 705eac1a-faec-33ef-95f2-c5b9a37d7d13 ([UPDATE_LATENCY])
[19:45:34] [Render thread/WARN]: Ignoring player info update for unknown player 97537646-5d2d-34d2-a470-c451438edc04 ([UPDATE_LATENCY])
[19:45:34] [Render thread/WARN]: Ignoring player info update for unknown player 74deed70-2533-3475-bece-a7e2f12d2d67 ([UPDATE_LATENCY])
[19:45:34] [Render thread/WARN]: Ignoring player info update for unknown player e749a34b-8b46-33f3-94da-1efbafa878bb ([UPDATE_LATENCY])
[19:45:34] [Render thread/WARN]: Ignoring player info update for unknown player 67e1b5ef-f93e-32f0-9850-099b65fe6839 ([UPDATE_LATENCY])
[19:45:34] [Render thread/WARN]: Ignoring player info update for unknown player 2eafe82b-3383-325d-ad04-5106aedea364 ([UPDATE_LATENCY])
[19:45:34] [Render thread/WARN]: Ignoring player info update for unknown player 06099699-e40e-3a0a-9996-2d191e28dcc8 ([UPDATE_LATENCY])
[19:45:34] [Render thread/WARN]: Ignoring player info update for unknown player 123719b1-7aba-3fa4-be2c-e30c361920ca ([UPDATE_LATENCY])
[19:45:34] [Render thread/WARN]: Ignoring player info update for unknown player 3cd9e6f6-2273-3a76-9596-ebb7448e90a3 ([UPDATE_GAME_MODE])
[19:45:35] [Render thread/WARN]: Ignoring player info update for unknown player 20ba3bce-a5f3-3d22-a9e0-e72e06f0948a ([UPDATE_GAME_MODE])
[19:45:36] [Render thread/WARN]: Ignoring player info update for unknown player 6684a8e7-30e5-3695-8fb6-c50a91d5d3e3 ([UPDATE_GAME_MODE])
[19:45:39] [Render thread/WARN]: Ignoring player info update for unknown player 06ca8e4a-a365-302a-85c9-c7eda2f7119c ([UPDATE_GAME_MODE])
[19:45:40] [Render thread/INFO]: [System] [CHAT] \n §1§lRUBIUM Mentosik228_PRO §fпредлагает поиграть в §bBedWars Doubles\n §7Приглашение отправлено всем игрокам. Успейте зайти!\n\n §7[ПОДКЛЮЧИТЬСЯ К ИГРЕ]\n\n
[19:45:42] [Render thread/INFO]: [System] [CHAT] \n §fХочешь иметь §2собственный уникальный §fпрефикс?\n §2§lSpecial §f— самая §2элитная §fпривилегия на нашем сервере!\n §fМеняй префикс §2на любой §fпо своему желанию§f,\n §fподбирай для привилегии цвет и §2кастомизируй себя §fкак угодно!§f\n\n §7[Перейти в магазин]\n\n
[19:45:46] [Render thread/INFO]: [System] [CHAT] Kwvanty был убит игроком Backmounta.
[19:45:46] [Render thread/WARN]: Received packet for unknown team viaversion: team action: REMOVE, player action: null
[19:45:46] [Render thread/WARN]: Received packet for unknown team viaversion: team action: REMOVE, player action: null
[19:45:46] [Render thread/INFO]: [System] [CHAT] 
[19:45:46] [Render thread/INFO]: [System] [CHAT]                              Дуэль (режим UHC)
[19:45:46] [Render thread/INFO]: [System] [CHAT] 
[19:45:46] [Render thread/INFO]: [System] [CHAT]                               Победитель игры
[19:45:46] [Render thread/INFO]: [System] [CHAT]                                 Backmounta
[19:45:46] [Render thread/INFO]: [System] [CHAT] 
[19:45:46] [Render thread/INFO]: [System] [CHAT] 
[19:45:48] [Render thread/WARN]: Ignoring player info update for unknown player 464be9d9-7c1b-3728-a236-a0ff984419cc ([UPDATE_GAME_MODE])
[19:45:50] [Render thread/INFO]: [voicechat] Clearing audio channels
[19:45:51] [Render thread/INFO]: Stopping worker threads
[20:02:46] [Render thread/INFO]: Connecting to mc.agerapvp.club, 25565
[20:02:46] [Download-27/ERROR]: Failed to retrieve profile key pair
com.mojang.authlib.exceptions.MinecraftClientHttpException: Status: 401
	at knot//com.mojang.authlib.minecraft.client.MinecraftClient.readInputStream(MinecraftClient.java:103)
	at knot//com.mojang.authlib.minecraft.client.MinecraftClient.post(MinecraftClient.java:64)
	at knot//com.mojang.authlib.yggdrasil.YggdrasilUserApiService.getKeyPair(YggdrasilUserApiService.java:61)
	at knot//net.minecraft.class_7434.method_43605(class_7434.java:128)
	at knot//net.minecraft.class_7434.method_44291(class_7434.java:77)
	at java.base/java.util.concurrent.CompletableFuture$AsyncSupply.run(CompletableFuture.java:1768)
	at java.base/java.util.concurrent.ThreadPoolExecutor.runWorker(ThreadPoolExecutor.java:1144)
	at java.base/java.util.concurrent.ThreadPoolExecutor$Worker.run(ThreadPoolExecutor.java:642)
	at java.base/java.lang.Thread.run(Thread.java:1583)
[20:02:49] [Render thread/INFO]: Started 6 worker threads
[20:02:49] [Render thread/INFO]: [voicechat] Sending secret request to the server
[20:02:49] [Render thread/WARN]: Ignoring player info update for unknown player 19544ffd-f96e-3420-9eab-970161d3f8a9 ([UPDATE_GAME_MODE])
[20:02:49] [Render thread/WARN]: Ignoring player info update for unknown player 23e0e9e5-6907-3702-aa8b-b89d1ad4ff88 ([UPDATE_GAME_MODE])
[20:02:49] [Render thread/WARN]: Ignoring player info update for unknown player 0a6c4439-e94b-3067-9a23-099ecd28c108 ([UPDATE_GAME_MODE])
[20:02:49] [Render thread/WARN]: Ignoring player info update for unknown player 861eef5b-01ff-43c3-8c48-4521789999a6 ([UPDATE_GAME_MODE])
[20:02:52] [Render thread/INFO]: [System] [CHAT] §cЭтот игрок не в сети
[20:02:55] [Render thread/INFO]: [System] [CHAT] §8§m-------------------------------------------\n§bТы не привязал свой Discord-аккаунт!\n§fСделай это, чтобы на нашем Discord-сервере\n§fпоказывалась §bроль§f, соответствующая §bтвоему рангу§f!\n§e\n§3§nЧто нужно сделать:\n§b1. §fЗайди на наш сервер: §bhttps://a4x.cx/ageradiscord\n§b2. §fПосмотри канал §b#привязка §fи следуй инструкции.\n§8§m-------------------------------------------
[20:02:57] [Render thread/WARN]: Ignoring player info update for unknown player 8e291257-dd3b-35e1-826d-7ce8137f316d ([UPDATE_GAME_MODE])
[20:02:57] [Render thread/INFO]: [System] [CHAT] RUBIUM Mentosik228_PRO решил нас посетить
[20:02:59] [Render thread/INFO]: [System] [CHAT] §cУ вас недостаточно прав для совершения данного действия
[20:03:00] [Render thread/WARN]: Ignoring player info update for unknown player d597ccd8-a9d1-3856-82cb-920dd420cb7c ([UPDATE_GAME_MODE])
[20:03:00] [Render thread/WARN]: Ignoring player info update for unknown player 861eef5b-01ff-43c3-8c48-4521789999a6 ([UPDATE_LATENCY])
[20:03:02] [Render thread/WARN]: Ignoring player info update for unknown player ae6be945-13cd-3290-a67e-5c0050ad6a43 ([UPDATE_GAME_MODE])
[20:03:03] [Render thread/WARN]: Requested creation of existing team 'ZNPC/53'
[20:03:05] [Render thread/WARN]: Requested creation of existing team 'ZNPC/53'
[20:03:07] [Render thread/WARN]: Ignoring player info update for unknown player e4a8d7cb-0e4b-3b27-a605-8457dd6b97ca ([UPDATE_GAME_MODE])
[20:03:08] [Render thread/INFO]: [System] [CHAT] §fОнлайн на всех серверах: §b1111 §fигроков
[20:03:13] [Render thread/WARN]: Ignoring player info update for unknown player afa605f8-c73d-381a-ba12-7ffd9d9762f2 ([UPDATE_GAME_MODE])
[20:03:14] [Render thread/INFO]: [FANCYMENU] ScreenCustomizationLayer registered: social_interactions_screen
[20:03:15] [Render thread/INFO]: [voicechat] Clearing audio channels
[20:03:15] [Render thread/INFO]: Stopping worker threads
[20:03:19] [Render thread/INFO]: Connecting to mc.agerapvp.club, 25565
[20:03:19] [Download-31/ERROR]: Failed to retrieve profile key pair
com.mojang.authlib.exceptions.MinecraftClientHttpException: Status: 401
	at knot//com.mojang.authlib.minecraft.client.MinecraftClient.readInputStream(MinecraftClient.java:103)
	at knot//com.mojang.authlib.minecraft.client.MinecraftClient.post(MinecraftClient.java:64)
	at knot//com.mojang.authlib.yggdrasil.YggdrasilUserApiService.getKeyPair(YggdrasilUserApiService.java:61)
	at knot//net.minecraft.class_7434.method_43605(class_7434.java:128)
	at knot//net.minecraft.class_7434.method_44291(class_7434.java:77)
	at java.base/java.util.concurrent.CompletableFuture$AsyncSupply.run(CompletableFuture.java:1768)
	at java.base/java.util.concurrent.ThreadPoolExecutor.runWorker(ThreadPoolExecutor.java:1144)
	at java.base/java.util.concurrent.ThreadPoolExecutor$Worker.run(ThreadPoolExecutor.java:642)
	at java.base/java.lang.Thread.run(Thread.java:1583)
[20:03:20] [Render thread/INFO]: Started 6 worker threads
[20:03:20] [Render thread/INFO]: [voicechat] Sending secret request to the server
[20:03:20] [Render thread/WARN]: Ignoring player info update for unknown player 19a32bae-0a58-3e4a-b76d-6c57b3caacd2 ([UPDATE_GAME_MODE])
[20:03:20] [Render thread/WARN]: Ignoring player info update for unknown player 8a7ee219-e437-3d51-89e8-bc60b7117578 ([UPDATE_GAME_MODE])
[20:03:20] [Render thread/WARN]: Ignoring player info update for unknown player 765488ac-2338-3c6a-9357-35dadbc16d63 ([UPDATE_GAME_MODE])
[20:03:20] [Render thread/WARN]: Ignoring player info update for unknown player b8392c47-cff5-3d7e-85aa-6b4f19b59890 ([UPDATE_GAME_MODE])
[20:03:26] [Render thread/INFO]: [System] [CHAT] §8§m-------------------------------------------\n§bТы не привязал свой Discord-аккаунт!\n§fСделай это, чтобы на нашем Discord-сервере\n§fпоказывалась §bроль§f, соответствующая §bтвоему рангу§f!\n§e\n§3§nЧто нужно сделать:\n§b1. §fЗайди на наш сервер: §bhttps://a4x.cx/ageradiscord\n§b2. §fПосмотри канал §b#привязка §fи следуй инструкции.\n§8§m-------------------------------------------
[20:03:26] [Render thread/INFO]: [System] [CHAT] §9\n§7Kwvanty §fотправил запрос на приглашение §7Backmounta §fв группу.\n§fУ него есть §b60 секунд§f, чтобы принять запрос.\n§9
[20:03:30] [Render thread/INFO]: [System] [CHAT] §9\n§7Backmounta §fприсоединился к группе. §a§l[+]\n§9
[20:03:32] [Render thread/INFO]: [System] [CHAT] §7Connecting...
[20:03:32] [Render thread/INFO]: Stopping worker threads
[20:03:32] [Render thread/INFO]: Started 6 worker threads
[20:03:32] [Render thread/INFO]: [voicechat] Disconnecting from previous connection due to server change
[20:03:32] [Render thread/INFO]: [voicechat] Clearing audio channels
[20:03:32] [Render thread/INFO]: [voicechat] Sending secret request to the server
[20:03:32] [Render thread/INFO]: Stopping worker threads
[20:03:32] [Render thread/INFO]: Started 6 worker threads
[20:03:32] [Render thread/INFO]: [System] [CHAT] §f\n§fВам доступно §b12 §fзаданий для выполнения. \n§fЧтобы открыть меню с заданиями, введите команду §b/quests\n§f
[20:03:33] [Worker-Main-15/ERROR]: Failed to verify signature on property Property[name=textures, value=eyJ0ZXh0dXJlcyI6eyJTS0lOIjp7InVybCI6Imh0dHA6Ly90ZXh0dXJlcy5taW5lY3JhZnQubmV0L3RleHR1cmUvOTFiZTRiNWI1OTJmZWUyMWE2NWUwZjkwMzAzOGM1MzMzYmUzODgyMzRhNDM3MzFkNGFkZmU1ZDU3ZDM2NDRlNSJ9fX0=, signature=]
java.security.SignatureException: Bad signature length: got 0 but was expecting 512
	at java.base/sun.security.rsa.RSASignature.engineVerify(RSASignature.java:212)
	at java.base/java.security.Signature$Delegate.engineVerify(Signature.java:1422)
	at java.base/java.security.Signature.verify(Signature.java:790)
	at knot//com.mojang.authlib.yggdrasil.YggdrasilServicesKeyInfo.validateProperty(YggdrasilServicesKeyInfo.java:165)
	at knot//com.mojang.authlib.yggdrasil.YggdrasilMinecraftSessionService.lambda$getPropertySignatureState$0(YggdrasilMinecraftSessionService.java:185)
	at java.base/java.util.stream.MatchOps$1MatchSink.accept(MatchOps.java:90)
	at java.base/java.util.AbstractList$RandomAccessSpliterator.tryAdvance(AbstractList.java:708)
	at java.base/java.util.stream.ReferencePipeline.forEachWithCancel(ReferencePipeline.java:129)
	at java.base/java.util.stream.AbstractPipeline.copyIntoWithCancel(AbstractPipeline.java:527)
	at java.base/java.util.stream.AbstractPipeline.copyInto(AbstractPipeline.java:513)
	at java.base/java.util.stream.AbstractPipeline.wrapAndCopyInto(AbstractPipeline.java:499)
	at java.base/java.util.stream.MatchOps$MatchOp.evaluateSequential(MatchOps.java:230)
	at java.base/java.util.stream.MatchOps$MatchOp.evaluateSequential(MatchOps.java:196)
	at java.base/java.util.stream.AbstractPipeline.evaluate(AbstractPipeline.java:234)
	at java.base/java.util.stream.ReferencePipeline.noneMatch(ReferencePipeline.java:642)
	at knot//com.mojang.authlib.yggdrasil.YggdrasilMinecraftSessionService.getPropertySignatureState(YggdrasilMinecraftSessionService.java:185)
	at knot//com.mojang.authlib.yggdrasil.YggdrasilMinecraftSessionService.unpackTextures(YggdrasilMinecraftSessionService.java:128)
	at knot//net.minecraft.class_1071$1.method_54647(class_1071.java:60)
	at java.base/java.util.concurrent.CompletableFuture$AsyncSupply.run(CompletableFuture.java:1768)
	at java.base/java.util.concurrent.CompletableFuture$AsyncSupply.exec(CompletableFuture.java:1760)
	at java.base/java.util.concurrent.ForkJoinTask.doExec(ForkJoinTask.java:387)
	at java.base/java.util.concurrent.ForkJoinPool$WorkQueue.topLevelExec(ForkJoinPool.java:1312)
	at java.base/java.util.concurrent.ForkJoinPool.scan(ForkJoinPool.java:1843)
	at java.base/java.util.concurrent.ForkJoinPool.runWorker(ForkJoinPool.java:1808)
	at java.base/java.util.concurrent.ForkJoinWorkerThread.run(ForkJoinWorkerThread.java:188)
[20:03:33] [Worker-Main-15/ERROR]: Failed to verify signature on property Property[name=textures, value=eyJ0ZXh0dXJlcyI6eyJTS0lOIjp7InVybCI6Imh0dHA6Ly90ZXh0dXJlcy5taW5lY3JhZnQubmV0L3RleHR1cmUvOTFiZTRiNWI1OTJmZWUyMWE2NWUwZjkwMzAzOGM1MzMzYmUzODgyMzRhNDM3MzFkNGFkZmU1ZDU3ZDM2NDRlNSJ9fX0=, signature=]
java.security.SignatureException: Bad signature length: got 0 but was expecting 512
	at java.base/sun.security.rsa.RSASignature.engineVerify(RSASignature.java:212)
	at java.base/java.security.Signature$Delegate.engineVerify(Signature.java:1422)
	at java.base/java.security.Signature.verify(Signature.java:790)
	at knot//com.mojang.authlib.yggdrasil.YggdrasilServicesKeyInfo.validateProperty(YggdrasilServicesKeyInfo.java:165)
	at knot//com.mojang.authlib.yggdrasil.YggdrasilMinecraftSessionService.lambda$getPropertySignatureState$0(YggdrasilMinecraftSessionService.java:185)
	at java.base/java.util.stream.MatchOps$1MatchSink.accept(MatchOps.java:90)
	at java.base/java.util.AbstractList$RandomAccessSpliterator.tryAdvance(AbstractList.java:708)
	at java.base/java.util.stream.ReferencePipeline.forEachWithCancel(ReferencePipeline.java:129)
	at java.base/java.util.stream.AbstractPipeline.copyIntoWithCancel(AbstractPipeline.java:527)
	at java.base/java.util.stream.AbstractPipeline.copyInto(AbstractPipeline.java:513)
	at java.base/java.util.stream.AbstractPipeline.wrapAndCopyInto(AbstractPipeline.java:499)
	at java.base/java.util.stream.MatchOps$MatchOp.evaluateSequential(MatchOps.java:230)
	at java.base/java.util.stream.MatchOps$MatchOp.evaluateSequential(MatchOps.java:196)
	at java.base/java.util.stream.AbstractPipeline.evaluate(AbstractPipeline.java:234)
	at java.base/java.util.stream.ReferencePipeline.noneMatch(ReferencePipeline.java:642)
	at knot//com.mojang.authlib.yggdrasil.YggdrasilMinecraftSessionService.getPropertySignatureState(YggdrasilMinecraftSessionService.java:185)
	at knot//com.mojang.authlib.yggdrasil.YggdrasilMinecraftSessionService.unpackTextures(YggdrasilMinecraftSessionService.java:128)
	at knot//net.minecraft.class_1071$1.method_54647(class_1071.java:60)
	at java.base/java.util.concurrent.CompletableFuture$AsyncSupply.run(CompletableFuture.java:1768)
	at java.base/java.util.concurrent.CompletableFuture$AsyncSupply.exec(CompletableFuture.java:1760)
	at java.base/java.util.concurrent.ForkJoinTask.doExec(ForkJoinTask.java:387)
	at java.base/java.util.concurrent.ForkJoinPool$WorkQueue.topLevelExec(ForkJoinPool.java:1312)
	at java.base/java.util.concurrent.ForkJoinPool.scan(ForkJoinPool.java:1843)
	at java.base/java.util.concurrent.ForkJoinPool.runWorker(ForkJoinPool.java:1808)
	at java.base/java.util.concurrent.ForkJoinWorkerThread.run(ForkJoinWorkerThread.java:188)
[20:03:33] [Worker-Main-15/WARN]: Profile contained invalid signature for textures property (profile id: ddc47aa5-56c3-4080-afe2-efc3308dfe00)
[20:03:33] [Worker-Main-15/ERROR]: Failed to verify signature on property Property[name=textures, value=ewogICJ0aW1lc3RhbXAiIDogMTc4ODAzNjAwMDcxMSwKICAicHJvZmlsZUlkIiA6ICJlZDhlNTAyMTM1YTM0NmU4OTA5OGVmYTVjYzU3ZDc4MSIsCiAgInByb2ZpbGVOYW1lIiA6ICJBZ2VyYSIsCiAgInNpZ25hdHVyZVJlcXVpcmVkIiA6IHRydWUsCiAgInRleHR1cmVzIiA6IHsKICAgICJTS0lOIiA6IHsKICAgICAgInVybCIgOiAiaHR0cDovL3RleHR1cmVzLm1pbmVjcmFmdC5uZXQvdGV4dHVyZS9mOGQ1MzFkNTE0YmI0YTU0YmRkM2FmMjJhZmY1OTIyMzM4MDU5MzhjNDY5NjZiOWIwOTE5YjRhZTU5MzM4ZDg2IiwKICAgICAgIm1ldGFkYXRhIiA6IHsKICAgICAgICAibW9kZWwiIDogInNsaW0iCiAgICAgIH0KICAgIH0KICB9Cn0=, signature=]
java.security.SignatureException: Bad signature length: got 0 but was expecting 512
	at java.base/sun.security.rsa.RSASignature.engineVerify(RSASignature.java:212)
	at java.base/java.security.Signature$Delegate.engineVerify(Signature.java:1422)
	at java.base/java.security.Signature.verify(Signature.java:790)
	at knot//com.mojang.authlib.yggdrasil.YggdrasilServicesKeyInfo.validateProperty(YggdrasilServicesKeyInfo.java:165)
	at knot//com.mojang.authlib.yggdrasil.YggdrasilMinecraftSessionService.lambda$getPropertySignatureState$0(YggdrasilMinecraftSessionService.java:185)
	at java.base/java.util.stream.MatchOps$1MatchSink.accept(MatchOps.java:90)
	at java.base/java.util.AbstractList$RandomAccessSpliterator.tryAdvance(AbstractList.java:708)
	at java.base/java.util.stream.ReferencePipeline.forEachWithCancel(ReferencePipeline.java:129)
	at java.base/java.util.stream.AbstractPipeline.copyIntoWithCancel(AbstractPipeline.java:527)
	at java.base/java.util.stream.AbstractPipeline.copyInto(AbstractPipeline.java:513)
	at java.base/java.util.stream.AbstractPipeline.wrapAndCopyInto(AbstractPipeline.java:499)
	at java.base/java.util.stream.MatchOps$MatchOp.evaluateSequential(MatchOps.java:230)
	at java.base/java.util.stream.MatchOps$MatchOp.evaluateSequential(MatchOps.java:196)
	at java.base/java.util.stream.AbstractPipeline.evaluate(AbstractPipeline.java:234)
	at java.base/java.util.stream.ReferencePipeline.noneMatch(ReferencePipeline.java:642)
	at knot//com.mojang.authlib.yggdrasil.YggdrasilMinecraftSessionService.getPropertySignatureState(YggdrasilMinecraftSessionService.java:185)
	at knot//com.mojang.authlib.yggdrasil.YggdrasilMinecraftSessionService.unpackTextures(YggdrasilMinecraftSessionService.java:128)
	at knot//net.minecraft.class_1071$1.method_54647(class_1071.java:60)
	at java.base/java.util.concurrent.CompletableFuture$AsyncSupply.run(CompletableFuture.java:1768)
	at java.base/java.util.concurrent.CompletableFuture$AsyncSupply.exec(CompletableFuture.java:1760)
	at java.base/java.util.concurrent.ForkJoinTask.doExec(ForkJoinTask.java:387)
	at java.base/java.util.concurrent.ForkJoinPool$WorkQueue.topLevelExec(ForkJoinPool.java:1312)
	at java.base/java.util.concurrent.ForkJoinPool.scan(ForkJoinPool.java:1843)
	at java.base/java.util.concurrent.ForkJoinPool.runWorker(ForkJoinPool.java:1808)
	at java.base/java.util.concurrent.ForkJoinWorkerThread.run(ForkJoinWorkerThread.java:188)
[20:03:33] [Worker-Main-19/ERROR]: Failed to verify signature on property Property[name=textures, value=eyJ0ZXh0dXJlcyI6eyJTS0lOIjp7InVybCI6Imh0dHA6Ly90ZXh0dXJlcy5taW5lY3JhZnQubmV0L3RleHR1cmUvOTFiZTRiNWI1OTJmZWUyMWE2NWUwZjkwMzAzOGM1MzMzYmUzODgyMzRhNDM3MzFkNGFkZmU1ZDU3ZDM2NDRlNSJ9fX0=, signature=]
java.security.SignatureException: Bad signature length: got 0 but was expecting 512
	at java.base/sun.security.rsa.RSASignature.engineVerify(RSASignature.java:212)
	at java.base/java.security.Signature$Delegate.engineVerify(Signature.java:1422)
	at java.base/java.security.Signature.verify(Signature.java:790)
	at knot//com.mojang.authlib.yggdrasil.YggdrasilServicesKeyInfo.validateProperty(YggdrasilServicesKeyInfo.java:165)
	at knot//com.mojang.authlib.yggdrasil.YggdrasilMinecraftSessionService.lambda$getPropertySignatureState$0(YggdrasilMinecraftSessionService.java:185)
	at java.base/java.util.stream.MatchOps$1MatchSink.accept(MatchOps.java:90)
	at java.base/java.util.AbstractList$RandomAccessSpliterator.tryAdvance(AbstractList.java:708)
	at java.base/java.util.stream.ReferencePipeline.forEachWithCancel(ReferencePipeline.java:129)
	at java.base/java.util.stream.AbstractPipeline.copyIntoWithCancel(AbstractPipeline.java:527)
	at java.base/java.util.stream.AbstractPipeline.copyInto(AbstractPipeline.java:513)
	at java.base/java.util.stream.AbstractPipeline.wrapAndCopyInto(AbstractPipeline.java:499)
	at java.base/java.util.stream.MatchOps$MatchOp.evaluateSequential(MatchOps.java:230)
	at java.base/java.util.stream.MatchOps$MatchOp.evaluateSequential(MatchOps.java:196)
	at java.base/java.util.stream.AbstractPipeline.evaluate(AbstractPipeline.java:234)
	at java.base/java.util.stream.ReferencePipeline.noneMatch(ReferencePipeline.java:642)
	at knot//com.mojang.authlib.yggdrasil.YggdrasilMinecraftSessionService.getPropertySignatureState(YggdrasilMinecraftSessionService.java:185)
	at knot//com.mojang.authlib.yggdrasil.YggdrasilMinecraftSessionService.unpackTextures(YggdrasilMinecraftSessionService.java:128)
	at knot//net.minecraft.class_1071$1.method_54647(class_1071.java:60)
	at java.base/java.util.concurrent.CompletableFuture$AsyncSupply.run(CompletableFuture.java:1768)
	at java.base/java.util.concurrent.CompletableFuture$AsyncSupply.exec(CompletableFuture.java:1760)
	at java.base/java.util.concurrent.ForkJoinTask.doExec(ForkJoinTask.java:387)
	at java.base/java.util.concurrent.ForkJoinPool$WorkQueue.topLevelExec(ForkJoinPool.java:1312)
	at java.base/java.util.concurrent.ForkJoinPool.scan(ForkJoinPool.java:1843)
	at java.base/java.util.concurrent.ForkJoinPool.runWorker(ForkJoinPool.java:1808)
	at java.base/java.util.concurrent.ForkJoinWorkerThread.run(ForkJoinWorkerThread.java:188)
[20:03:33] [Worker-Main-12/ERROR]: Failed to verify signature on property Property[name=textures, value=eyJ0ZXh0dXJlcyI6eyJTS0lOIjp7InVybCI6Imh0dHA6Ly90ZXh0dXJlcy5taW5lY3JhZnQubmV0L3RleHR1cmUvNjNmYWJjMzg5MWM5NjJjOTEzOTU5ZDY1YmU5MGRhYTVkZTEyMTFmYTQwODdkYWUzODZmZjRlZDQyNDhmIn19fQ==, signature=]
java.security.SignatureException: Bad signature length: got 0 but was expecting 512
	at java.base/sun.security.rsa.RSASignature.engineVerify(RSASignature.java:212)
	at java.base/java.security.Signature$Delegate.engineVerify(Signature.java:1422)
	at java.base/java.security.Signature.verify(Signature.java:790)
	at knot//com.mojang.authlib.yggdrasil.YggdrasilServicesKeyInfo.validateProperty(YggdrasilServicesKeyInfo.java:165)
	at knot//com.mojang.authlib.yggdrasil.YggdrasilMinecraftSessionService.lambda$getPropertySignatureState$0(YggdrasilMinecraftSessionService.java:185)
	at java.base/java.util.stream.MatchOps$1MatchSink.accept(MatchOps.java:90)
	at java.base/java.util.AbstractList$RandomAccessSpliterator.tryAdvance(AbstractList.java:708)
	at java.base/java.util.stream.ReferencePipeline.forEachWithCancel(ReferencePipeline.java:129)
	at java.base/java.util.stream.AbstractPipeline.copyIntoWithCancel(AbstractPipeline.java:527)
	at java.base/java.util.stream.AbstractPipeline.copyInto(AbstractPipeline.java:513)
	at java.base/java.util.stream.AbstractPipeline.wrapAndCopyInto(AbstractPipeline.java:499)
	at java.base/java.util.stream.MatchOps$MatchOp.evaluateSequential(MatchOps.java:230)
	at java.base/java.util.stream.MatchOps$MatchOp.evaluateSequential(MatchOps.java:196)
	at java.base/java.util.stream.AbstractPipeline.evaluate(AbstractPipeline.java:234)
	at java.base/java.util.stream.ReferencePipeline.noneMatch(ReferencePipeline.java:642)
	at knot//com.mojang.authlib.yggdrasil.YggdrasilMinecraftSessionService.getPropertySignatureState(YggdrasilMinecraftSessionService.java:185)
	at knot//com.mojang.authlib.yggdrasil.YggdrasilMinecraftSessionService.unpackTextures(YggdrasilMinecraftSessionService.java:128)
	at knot//net.minecraft.class_1071$1.method_54647(class_1071.java:60)
	at java.base/java.util.concurrent.CompletableFuture$AsyncSupply.run(CompletableFuture.java:1768)
	at java.base/java.util.concurrent.CompletableFuture$AsyncSupply.exec(CompletableFuture.java:1760)
	at java.base/java.util.concurrent.ForkJoinTask.doExec(ForkJoinTask.java:387)
	at java.base/java.util.concurrent.ForkJoinPool$WorkQueue.topLevelExec(ForkJoinPool.java:1312)
	at java.base/java.util.concurrent.ForkJoinPool.scan(ForkJoinPool.java:1843)
	at java.base/java.util.concurrent.ForkJoinPool.runWorker(ForkJoinPool.java:1808)
	at java.base/java.util.concurrent.ForkJoinWorkerThread.run(ForkJoinWorkerThread.java:188)
[20:03:33] [Worker-Main-17/ERROR]: Failed to verify signature on property Property[name=textures, value=eyJ0ZXh0dXJlcyI6eyJTS0lOIjp7InVybCI6Imh0dHA6Ly90ZXh0dXJlcy5taW5lY3JhZnQubmV0L3RleHR1cmUvNzAyNTE4MWM3MDI2ZTU4M2RlNmQ4Mjk3Y2FjNWVlZThmOTdhYmEyY2M0NjM5ZWUzNmI2Yjg1ZTRjZWQ0ZjI1YyJ9fX0=, signature=]
java.security.SignatureException: Bad signature length: got 0 but was expecting 512
	at java.base/sun.security.rsa.RSASignature.engineVerify(RSASignature.java:212)
	at java.base/java.security.Signature$Delegate.engineVerify(Signature.java:1422)
	at java.base/java.security.Signature.verify(Signature.java:790)
	at knot//com.mojang.authlib.yggdrasil.YggdrasilServicesKeyInfo.validateProperty(YggdrasilServicesKeyInfo.java:165)
	at knot//com.mojang.authlib.yggdrasil.YggdrasilMinecraftSessionService.lambda$getPropertySignatureState$0(YggdrasilMinecraftSessionService.java:185)
	at java.base/java.util.stream.MatchOps$1MatchSink.accept(MatchOps.java:90)
	at java.base/java.util.AbstractList$RandomAccessSpliterator.tryAdvance(AbstractList.java:708)
	at java.base/java.util.stream.ReferencePipeline.forEachWithCancel(ReferencePipeline.java:129)
	at java.base/java.util.stream.AbstractPipeline.copyIntoWithCancel(AbstractPipeline.java:527)
	at java.base/java.util.stream.AbstractPipeline.copyInto(AbstractPipeline.java:513)
	at java.base/java.util.stream.AbstractPipeline.wrapAndCopyInto(AbstractPipeline.java:499)
	at java.base/java.util.stream.MatchOps$MatchOp.evaluateSequential(MatchOps.java:230)
	at java.base/java.util.stream.MatchOps$MatchOp.evaluateSequential(MatchOps.java:196)
	at java.base/java.util.stream.AbstractPipeline.evaluate(AbstractPipeline.java:234)
	at java.base/java.util.stream.ReferencePipeline.noneMatch(ReferencePipeline.java:642)
	at knot//com.mojang.authlib.yggdrasil.YggdrasilMinecraftSessionService.getPropertySignatureState(YggdrasilMinecraftSessionService.java:185)
	at knot//com.mojang.authlib.yggdrasil.YggdrasilMinecraftSessionService.unpackTextures(YggdrasilMinecraftSessionService.java:128)
	at knot//net.minecraft.class_1071$1.method_54647(class_1071.java:60)
	at java.base/java.util.concurrent.CompletableFuture$AsyncSupply.run(CompletableFuture.java:1768)
	at java.base/java.util.concurrent.CompletableFuture$AsyncSupply.exec(CompletableFuture.java:1760)
	at java.base/java.util.concurrent.ForkJoinTask.doExec(ForkJoinTask.java:387)
	at java.base/java.util.concurrent.ForkJoinPool$WorkQueue.topLevelExec(ForkJoinPool.java:1312)
	at java.base/java.util.concurrent.ForkJoinPool.scan(ForkJoinPool.java:1843)
	at java.base/java.util.concurrent.ForkJoinPool.runWorker(ForkJoinPool.java:1808)
	at java.base/java.util.concurrent.ForkJoinWorkerThread.run(ForkJoinWorkerThread.java:188)
[20:03:33] [Worker-Main-20/ERROR]: Failed to verify signature on property Property[name=textures, value=eyJ0ZXh0dXJlcyI6eyJTS0lOIjp7InVybCI6Imh0dHA6Ly90ZXh0dXJlcy5taW5lY3JhZnQubmV0L3RleHR1cmUvMzZmNjlmN2I3NTM4YjQxZGMzNDM5ZjM2NThhYmJkNTlmYWNjYTM2NmYxOTBiY2YxZDZkMGEwMjZjOGY5NiJ9fX0=, signature=]
java.security.SignatureException: Bad signature length: got 0 but was expecting 512
	at java.base/sun.security.rsa.RSASignature.engineVerify(RSASignature.java:212)
	at java.base/java.security.Signature$Delegate.engineVerify(Signature.java:1422)
	at java.base/java.security.Signature.verify(Signature.java:790)
	at knot//com.mojang.authlib.yggdrasil.YggdrasilServicesKeyInfo.validateProperty(YggdrasilServicesKeyInfo.java:165)
	at knot//com.mojang.authlib.yggdrasil.YggdrasilMinecraftSessionService.lambda$getPropertySignatureState$0(YggdrasilMinecraftSessionService.java:185)
	at java.base/java.util.stream.MatchOps$1MatchSink.accept(MatchOps.java:90)
	at java.base/java.util.AbstractList$RandomAccessSpliterator.tryAdvance(AbstractList.java:708)
	at java.base/java.util.stream.ReferencePipeline.forEachWithCancel(ReferencePipeline.java:129)
	at java.base/java.util.stream.AbstractPipeline.copyIntoWithCancel(AbstractPipeline.java:527)
	at java.base/java.util.stream.AbstractPipeline.copyInto(AbstractPipeline.java:513)
	at java.base/java.util.stream.AbstractPipeline.wrapAndCopyInto(AbstractPipeline.java:499)
	at java.base/java.util.stream.MatchOps$MatchOp.evaluateSequential(MatchOps.java:230)
	at java.base/java.util.stream.MatchOps$MatchOp.evaluateSequential(MatchOps.java:196)
	at java.base/java.util.stream.AbstractPipeline.evaluate(AbstractPipeline.java:234)
	at java.base/java.util.stream.ReferencePipeline.noneMatch(ReferencePipeline.java:642)
	at knot//com.mojang.authlib.yggdrasil.YggdrasilMinecraftSessionService.getPropertySignatureState(YggdrasilMinecraftSessionService.java:185)
	at knot//com.mojang.authlib.yggdrasil.YggdrasilMinecraftSessionService.unpackTextures(YggdrasilMinecraftSessionService.java:128)
	at knot//net.minecraft.class_1071$1.method_54647(class_1071.java:60)
	at java.base/java.util.concurrent.CompletableFuture$AsyncSupply.run(CompletableFuture.java:1768)
	at java.base/java.util.concurrent.CompletableFuture$AsyncSupply.exec(CompletableFuture.java:1760)
	at java.base/java.util.concurrent.ForkJoinTask.doExec(ForkJoinTask.java:387)
	at java.base/java.util.concurrent.ForkJoinPool$WorkQueue.topLevelExec(ForkJoinPool.java:1312)
	at java.base/java.util.concurrent.ForkJoinPool.scan(ForkJoinPool.java:1843)
	at java.base/java.util.concurrent.ForkJoinPool.runWorker(ForkJoinPool.java:1808)
	at java.base/java.util.concurrent.ForkJoinWorkerThread.run(ForkJoinWorkerThread.java:188)
[20:03:33] [Worker-Main-15/ERROR]: Failed to verify signature on property Property[name=textures, value=ewogICJ0aW1lc3RhbXAiIDogMTc4ODAzNjAwMDcxMSwKICAicHJvZmlsZUlkIiA6ICJlZDhlNTAyMTM1YTM0NmU4OTA5OGVmYTVjYzU3ZDc4MSIsCiAgInByb2ZpbGVOYW1lIiA6ICJBZ2VyYSIsCiAgInNpZ25hdHVyZVJlcXVpcmVkIiA6IHRydWUsCiAgInRleHR1cmVzIiA6IHsKICAgICJTS0lOIiA6IHsKICAgICAgInVybCIgOiAiaHR0cDovL3RleHR1cmVzLm1pbmVjcmFmdC5uZXQvdGV4dHVyZS9mOGQ1MzFkNTE0YmI0YTU0YmRkM2FmMjJhZmY1OTIyMzM4MDU5MzhjNDY5NjZiOWIwOTE5YjRhZTU5MzM4ZDg2IiwKICAgICAgIm1ldGFkYXRhIiA6IHsKICAgICAgICAibW9kZWwiIDogInNsaW0iCiAgICAgIH0KICAgIH0KICB9Cn0=, signature=]
java.security.SignatureException: Bad signature length: got 0 but was expecting 512
	at java.base/sun.security.rsa.RSASignature.engineVerify(RSASignature.java:212)
	at java.base/java.security.Signature$Delegate.engineVerify(Signature.java:1422)
	at java.base/java.security.Signature.verify(Signature.java:790)
	at knot//com.mojang.authlib.yggdrasil.YggdrasilServicesKeyInfo.validateProperty(YggdrasilServicesKeyInfo.java:165)
	at knot//com.mojang.authlib.yggdrasil.YggdrasilMinecraftSessionService.lambda$getPropertySignatureState$0(YggdrasilMinecraftSessionService.java:185)
	at java.base/java.util.stream.MatchOps$1MatchSink.accept(MatchOps.java:90)
	at java.base/java.util.AbstractList$RandomAccessSpliterator.tryAdvance(AbstractList.java:708)
	at java.base/java.util.stream.ReferencePipeline.forEachWithCancel(ReferencePipeline.java:129)
	at java.base/java.util.stream.AbstractPipeline.copyIntoWithCancel(AbstractPipeline.java:527)
	at java.base/java.util.stream.AbstractPipeline.copyInto(AbstractPipeline.java:513)
	at java.base/java.util.stream.AbstractPipeline.wrapAndCopyInto(AbstractPipeline.java:499)
	at java.base/java.util.stream.MatchOps$MatchOp.evaluateSequential(MatchOps.java:230)
	at java.base/java.util.stream.MatchOps$MatchOp.evaluateSequential(MatchOps.java:196)
	at java.base/java.util.stream.AbstractPipeline.evaluate(AbstractPipeline.java:234)
	at java.base/java.util.stream.ReferencePipeline.noneMatch(ReferencePipeline.java:642)
	at knot//com.mojang.authlib.yggdrasil.YggdrasilMinecraftSessionService.getPropertySignatureState(YggdrasilMinecraftSessionService.java:185)
	at knot//com.mojang.authlib.yggdrasil.YggdrasilMinecraftSessionService.unpackTextures(YggdrasilMinecraftSessionService.java:128)
	at knot//net.minecraft.class_1071$1.method_54647(class_1071.java:60)
	at java.base/java.util.concurrent.CompletableFuture$AsyncSupply.run(CompletableFuture.java:1768)
	at java.base/java.util.concurrent.CompletableFuture$AsyncSupply.exec(CompletableFuture.java:1760)
	at java.base/java.util.concurrent.ForkJoinTask.doExec(ForkJoinTask.java:387)
	at java.base/java.util.concurrent.ForkJoinPool$WorkQueue.topLevelExec(ForkJoinPool.java:1312)
	at java.base/java.util.concurrent.ForkJoinPool.scan(ForkJoinPool.java:1843)
	at java.base/java.util.concurrent.ForkJoinPool.runWorker(ForkJoinPool.java:1808)
	at java.base/java.util.concurrent.ForkJoinWorkerThread.run(ForkJoinWorkerThread.java:188)
[20:03:33] [Worker-Main-15/WARN]: Profile contained invalid signature for textures property (profile id: 5ae41813-0f42-47ed-a222-2839a9cf4378)
[20:03:33] [Worker-Main-20/ERROR]: Failed to verify signature on property Property[name=textures, value=eyJ0ZXh0dXJlcyI6eyJTS0lOIjp7InVybCI6Imh0dHA6Ly90ZXh0dXJlcy5taW5lY3JhZnQubmV0L3RleHR1cmUvMzZmNjlmN2I3NTM4YjQxZGMzNDM5ZjM2NThhYmJkNTlmYWNjYTM2NmYxOTBiY2YxZDZkMGEwMjZjOGY5NiJ9fX0=, signature=]
java.security.SignatureException: Bad signature length: got 0 but was expecting 512
	at java.base/sun.security.rsa.RSASignature.engineVerify(RSASignature.java:212)
	at java.base/java.security.Signature$Delegate.engineVerify(Signature.java:1422)
	at java.base/java.security.Signature.verify(Signature.java:790)
	at knot//com.mojang.authlib.yggdrasil.YggdrasilServicesKeyInfo.validateProperty(YggdrasilServicesKeyInfo.java:165)
	at knot//com.mojang.authlib.yggdrasil.YggdrasilMinecraftSessionService.lambda$getPropertySignatureState$0(YggdrasilMinecraftSessionService.java:185)
	at java.base/java.util.stream.MatchOps$1MatchSink.accept(MatchOps.java:90)
	at java.base/java.util.AbstractList$RandomAccessSpliterator.tryAdvance(AbstractList.java:708)
	at java.base/java.util.stream.ReferencePipeline.forEachWithCancel(ReferencePipeline.java:129)
	at java.base/java.util.stream.AbstractPipeline.copyIntoWithCancel(AbstractPipeline.java:527)
	at java.base/java.util.stream.AbstractPipeline.copyInto(AbstractPipeline.java:513)
	at java.base/java.util.stream.AbstractPipeline.wrapAndCopyInto(AbstractPipeline.java:499)
	at java.base/java.util.stream.MatchOps$MatchOp.evaluateSequential(MatchOps.java:230)
	at java.base/java.util.stream.MatchOps$MatchOp.evaluateSequential(MatchOps.java:196)
	at java.base/java.util.stream.AbstractPipeline.evaluate(AbstractPipeline.java:234)
	at java.base/java.util.stream.ReferencePipeline.noneMatch(ReferencePipeline.java:642)
	at knot//com.mojang.authlib.yggdrasil.YggdrasilMinecraftSessionService.getPropertySignatureState(YggdrasilMinecraftSessionService.java:185)
	at knot//com.mojang.authlib.yggdrasil.YggdrasilMinecraftSessionService.unpackTextures(YggdrasilMinecraftSessionService.java:128)
	at knot//net.minecraft.class_1071$1.method_54647(class_1071.java:60)
	at java.base/java.util.concurrent.CompletableFuture$AsyncSupply.run(CompletableFuture.java:1768)
	at java.base/java.util.concurrent.CompletableFuture$AsyncSupply.exec(CompletableFuture.java:1760)
	at java.base/java.util.concurrent.ForkJoinTask.doExec(ForkJoinTask.java:387)
	at java.base/java.util.concurrent.ForkJoinPool$WorkQueue.topLevelExec(ForkJoinPool.java:1312)
	at java.base/java.util.concurrent.ForkJoinPool.scan(ForkJoinPool.java:1843)
	at java.base/java.util.concurrent.ForkJoinPool.runWorker(ForkJoinPool.java:1808)
	at java.base/java.util.concurrent.ForkJoinWorkerThread.run(ForkJoinWorkerThread.java:188)
[20:03:33] [Worker-Main-17/ERROR]: Failed to verify signature on property Property[name=textures, value=eyJ0ZXh0dXJlcyI6eyJTS0lOIjp7InVybCI6Imh0dHA6Ly90ZXh0dXJlcy5taW5lY3JhZnQubmV0L3RleHR1cmUvNzAyNTE4MWM3MDI2ZTU4M2RlNmQ4Mjk3Y2FjNWVlZThmOTdhYmEyY2M0NjM5ZWUzNmI2Yjg1ZTRjZWQ0ZjI1YyJ9fX0=, signature=]
java.security.SignatureException: Bad signature length: got 0 but was expecting 512
	at java.base/sun.security.rsa.RSASignature.engineVerify(RSASignature.java:212)
	at java.base/java.security.Signature$Delegate.engineVerify(Signature.java:1422)
	at java.base/java.security.Signature.verify(Signature.java:790)
	at knot//com.mojang.authlib.yggdrasil.YggdrasilServicesKeyInfo.validateProperty(YggdrasilServicesKeyInfo.java:165)
	at knot//com.mojang.authlib.yggdrasil.YggdrasilMinecraftSessionService.lambda$getPropertySignatureState$0(YggdrasilMinecraftSessionService.java:185)
	at java.base/java.util.stream.MatchOps$1MatchSink.accept(MatchOps.java:90)
	at java.base/java.util.AbstractList$RandomAccessSpliterator.tryAdvance(AbstractList.java:708)
	at java.base/java.util.stream.ReferencePipeline.forEachWithCancel(ReferencePipeline.java:129)
	at java.base/java.util.stream.AbstractPipeline.copyIntoWithCancel(AbstractPipeline.java:527)
	at java.base/java.util.stream.AbstractPipeline.copyInto(AbstractPipeline.java:513)
	at java.base/java.util.stream.AbstractPipeline.wrapAndCopyInto(AbstractPipeline.java:499)
	at java.base/java.util.stream.MatchOps$MatchOp.evaluateSequential(MatchOps.java:230)
	at java.base/java.util.stream.MatchOps$MatchOp.evaluateSequential(MatchOps.java:196)
	at java.base/java.util.stream.AbstractPipeline.evaluate(AbstractPipeline.java:234)
	at java.base/java.util.stream.ReferencePipeline.noneMatch(ReferencePipeline.java:642)
	at knot//com.mojang.authlib.yggdrasil.YggdrasilMinecraftSessionService.getPropertySignatureState(YggdrasilMinecraftSessionService.java:185)
	at knot//com.mojang.authlib.yggdrasil.YggdrasilMinecraftSessionService.unpackTextures(YggdrasilMinecraftSessionService.java:128)
	at knot//net.minecraft.class_1071$1.method_54647(class_1071.java:60)
	at java.base/java.util.concurrent.CompletableFuture$AsyncSupply.run(CompletableFuture.java:1768)
	at java.base/java.util.concurrent.CompletableFuture$AsyncSupply.exec(CompletableFuture.java:1760)
	at java.base/java.util.concurrent.ForkJoinTask.doExec(ForkJoinTask.java:387)
	at java.base/java.util.concurrent.ForkJoinPool$WorkQueue.topLevelExec(ForkJoinPool.java:1312)
	at java.base/java.util.concurrent.ForkJoinPool.scan(ForkJoinPool.java:1843)
	at java.base/java.util.concurrent.ForkJoinPool.runWorker(ForkJoinPool.java:1808)
	at java.base/java.util.concurrent.ForkJoinWorkerThread.run(ForkJoinWorkerThread.java:188)
[20:03:33] [Worker-Main-12/ERROR]: Failed to verify signature on property Property[name=textures, value=eyJ0ZXh0dXJlcyI6eyJTS0lOIjp7InVybCI6Imh0dHA6Ly90ZXh0dXJlcy5taW5lY3JhZnQubmV0L3RleHR1cmUvNjNmYWJjMzg5MWM5NjJjOTEzOTU5ZDY1YmU5MGRhYTVkZTEyMTFmYTQwODdkYWUzODZmZjRlZDQyNDhmIn19fQ==, signature=]
java.security.SignatureException: Bad signature length: got 0 but was expecting 512
	at java.base/sun.security.rsa.RSASignature.engineVerify(RSASignature.java:212)
	at java.base/java.security.Signature$Delegate.engineVerify(Signature.java:1422)
	at java.base/java.security.Signature.verify(Signature.java:790)
	at knot//com.mojang.authlib.yggdrasil.YggdrasilServicesKeyInfo.validateProperty(YggdrasilServicesKeyInfo.java:165)
	at knot//com.mojang.authlib.yggdrasil.YggdrasilMinecraftSessionService.lambda$getPropertySignatureState$0(YggdrasilMinecraftSessionService.java:185)
	at java.base/java.util.stream.MatchOps$1MatchSink.accept(MatchOps.java:90)
	at java.base/java.util.AbstractList$RandomAccessSpliterator.tryAdvance(AbstractList.java:708)
	at java.base/java.util.stream.ReferencePipeline.forEachWithCancel(ReferencePipeline.java:129)
	at java.base/java.util.stream.AbstractPipeline.copyIntoWithCancel(AbstractPipeline.java:527)
	at java.base/java.util.stream.AbstractPipeline.copyInto(AbstractPipeline.java:513)
	at java.base/java.util.stream.AbstractPipeline.wrapAndCopyInto(AbstractPipeline.java:499)
	at java.base/java.util.stream.MatchOps$MatchOp.evaluateSequential(MatchOps.java:230)
	at java.base/java.util.stream.MatchOps$MatchOp.evaluateSequential(MatchOps.java:196)
	at java.base/java.util.stream.AbstractPipeline.evaluate(AbstractPipeline.java:234)
	at java.base/java.util.stream.ReferencePipeline.noneMatch(ReferencePipeline.java:642)
	at knot//com.mojang.authlib.yggdrasil.YggdrasilMinecraftSessionService.getPropertySignatureState(YggdrasilMinecraftSessionService.java:185)
	at knot//com.mojang.authlib.yggdrasil.YggdrasilMinecraftSessionService.unpackTextures(YggdrasilMinecraftSessionService.java:128)
	at knot//net.minecraft.class_1071$1.method_54647(class_1071.java:60)
	at java.base/java.util.concurrent.CompletableFuture$AsyncSupply.run(CompletableFuture.java:1768)
	at java.base/java.util.concurrent.CompletableFuture$AsyncSupply.exec(CompletableFuture.java:1760)
	at java.base/java.util.concurrent.ForkJoinTask.doExec(ForkJoinTask.java:387)
	at java.base/java.util.concurrent.ForkJoinPool$WorkQueue.topLevelExec(ForkJoinPool.java:1312)
	at java.base/java.util.concurrent.ForkJoinPool.scan(ForkJoinPool.java:1843)
	at java.base/java.util.concurrent.ForkJoinPool.runWorker(ForkJoinPool.java:1808)
	at java.base/java.util.concurrent.ForkJoinWorkerThread.run(ForkJoinWorkerThread.java:188)
[20:03:33] [Worker-Main-19/ERROR]: Failed to verify signature on property Property[name=textures, value=eyJ0ZXh0dXJlcyI6eyJTS0lOIjp7InVybCI6Imh0dHA6Ly90ZXh0dXJlcy5taW5lY3JhZnQubmV0L3RleHR1cmUvOTFiZTRiNWI1OTJmZWUyMWE2NWUwZjkwMzAzOGM1MzMzYmUzODgyMzRhNDM3MzFkNGFkZmU1ZDU3ZDM2NDRlNSJ9fX0=, signature=]
java.security.SignatureException: Bad signature length: got 0 but was expecting 512
	at java.base/sun.security.rsa.RSASignature.engineVerify(RSASignature.java:212)
	at java.base/java.security.Signature$Delegate.engineVerify(Signature.java:1422)
	at java.base/java.security.Signature.verify(Signature.java:790)
	at knot//com.mojang.authlib.yggdrasil.YggdrasilServicesKeyInfo.validateProperty(YggdrasilServicesKeyInfo.java:165)
	at knot//com.mojang.authlib.yggdrasil.YggdrasilMinecraftSessionService.lambda$getPropertySignatureState$0(YggdrasilMinecraftSessionService.java:185)
	at java.base/java.util.stream.MatchOps$1MatchSink.accept(MatchOps.java:90)
	at java.base/java.util.AbstractList$RandomAccessSpliterator.tryAdvance(AbstractList.java:708)
	at java.base/java.util.stream.ReferencePipeline.forEachWithCancel(ReferencePipeline.java:129)
	at java.base/java.util.stream.AbstractPipeline.copyIntoWithCancel(AbstractPipeline.java:527)
	at java.base/java.util.stream.AbstractPipeline.copyInto(AbstractPipeline.java:513)
	at java.base/java.util.stream.AbstractPipeline.wrapAndCopyInto(AbstractPipeline.java:499)
	at java.base/java.util.stream.MatchOps$MatchOp.evaluateSequential(MatchOps.java:230)
	at java.base/java.util.stream.MatchOps$MatchOp.evaluateSequential(MatchOps.java:196)
	at java.base/java.util.stream.AbstractPipeline.evaluate(AbstractPipeline.java:234)
	at java.base/java.util.stream.ReferencePipeline.noneMatch(ReferencePipeline.java:642)
	at knot//com.mojang.authlib.yggdrasil.YggdrasilMinecraftSessionService.getPropertySignatureState(YggdrasilMinecraftSessionService.java:185)
	at knot//com.mojang.authlib.yggdrasil.YggdrasilMinecraftSessionService.unpackTextures(YggdrasilMinecraftSessionService.java:128)
	at knot//net.minecraft.class_1071$1.method_54647(class_1071.java:60)
	at java.base/java.util.concurrent.CompletableFuture$AsyncSupply.run(CompletableFuture.java:1768)
	at java.base/java.util.concurrent.CompletableFuture$AsyncSupply.exec(CompletableFuture.java:1760)
	at java.base/java.util.concurrent.ForkJoinTask.doExec(ForkJoinTask.java:387)
	at java.base/java.util.concurrent.ForkJoinPool$WorkQueue.topLevelExec(ForkJoinPool.java:1312)
	at java.base/java.util.concurrent.ForkJoinPool.scan(ForkJoinPool.java:1843)
	at java.base/java.util.concurrent.ForkJoinPool.runWorker(ForkJoinPool.java:1808)
	at java.base/java.util.concurrent.ForkJoinWorkerThread.run(ForkJoinWorkerThread.java:188)
[20:03:33] [Worker-Main-20/WARN]: Profile contained invalid signature for textures property (profile id: f53342a7-5b7a-4221-8474-c289c382c282)
[20:03:33] [Worker-Main-12/WARN]: Profile contained invalid signature for textures property (profile id: 8708194c-9616-4e09-8ae0-533c4dd58472)
[20:03:33] [Worker-Main-17/WARN]: Profile contained invalid signature for textures property (profile id: 7c9426cf-b259-4d09-8f1a-180aa933b270)
[20:03:33] [Worker-Main-19/WARN]: Profile contained invalid signature for textures property (profile id: d315e2fa-8b3f-4c4f-8560-c241da06ff1c)
[20:03:33] [Worker-Main-19/ERROR]: Failed to verify signature on property Property[name=textures, value=eyJ0ZXh0dXJlcyI6eyJTS0lOIjp7InVybCI6Imh0dHA6Ly90ZXh0dXJlcy5taW5lY3JhZnQubmV0L3RleHR1cmUvNjNmYWJjMzg5MWM5NjJjOTEzOTU5ZDY1YmU5MGRhYTVkZTEyMTFmYTQwODdkYWUzODZmZjRlZDQyNDhmIn19fQ==, signature=]
java.security.SignatureException: Bad signature length: got 0 but was expecting 512
	at java.base/sun.security.rsa.RSASignature.engineVerify(RSASignature.java:212)
	at java.base/java.security.Signature$Delegate.engineVerify(Signature.java:1422)
	at java.base/java.security.Signature.verify(Signature.java:790)
	at knot//com.mojang.authlib.yggdrasil.YggdrasilServicesKeyInfo.validateProperty(YggdrasilServicesKeyInfo.java:165)
	at knot//com.mojang.authlib.yggdrasil.YggdrasilMinecraftSessionService.lambda$getPropertySignatureState$0(YggdrasilMinecraftSessionService.java:185)
	at java.base/java.util.stream.MatchOps$1MatchSink.accept(MatchOps.java:90)
	at java.base/java.util.AbstractList$RandomAccessSpliterator.tryAdvance(AbstractList.java:708)
	at java.base/java.util.stream.ReferencePipeline.forEachWithCancel(ReferencePipeline.java:129)
	at java.base/java.util.stream.AbstractPipeline.copyIntoWithCancel(AbstractPipeline.java:527)
	at java.base/java.util.stream.AbstractPipeline.copyInto(AbstractPipeline.java:513)
	at java.base/java.util.stream.AbstractPipeline.wrapAndCopyInto(AbstractPipeline.java:499)
	at java.base/java.util.stream.MatchOps$MatchOp.evaluateSequential(MatchOps.java:230)
	at java.base/java.util.stream.MatchOps$MatchOp.evaluateSequential(MatchOps.java:196)
	at java.base/java.util.stream.AbstractPipeline.evaluate(AbstractPipeline.java:234)
	at java.base/java.util.stream.ReferencePipeline.noneMatch(ReferencePipeline.java:642)
	at knot//com.mojang.authlib.yggdrasil.YggdrasilMinecraftSessionService.getPropertySignatureState(YggdrasilMinecraftSessionService.java:185)
	at knot//com.mojang.authlib.yggdrasil.YggdrasilMinecraftSessionService.unpackTextures(YggdrasilMinecraftSessionService.java:128)
	at knot//net.minecraft.class_1071$1.method_54647(class_1071.java:60)
	at java.base/java.util.concurrent.CompletableFuture$AsyncSupply.run(CompletableFuture.java:1768)
	at java.base/java.util.concurrent.CompletableFuture$AsyncSupply.exec(CompletableFuture.java:1760)
	at java.base/java.util.concurrent.ForkJoinTask.doExec(ForkJoinTask.java:387)
	at java.base/java.util.concurrent.ForkJoinPool$WorkQueue.topLevelExec(ForkJoinPool.java:1312)
	at java.base/java.util.concurrent.ForkJoinPool.scan(ForkJoinPool.java:1843)
	at java.base/java.util.concurrent.ForkJoinPool.runWorker(ForkJoinPool.java:1808)
	at java.base/java.util.concurrent.ForkJoinWorkerThread.run(ForkJoinWorkerThread.java:188)
[20:03:33] [Worker-Main-12/ERROR]: Failed to verify signature on property Property[name=textures, value=eyJ0ZXh0dXJlcyI6eyJTS0lOIjp7InVybCI6Imh0dHA6Ly90ZXh0dXJlcy5taW5lY3JhZnQubmV0L3RleHR1cmUvOTFiZTRiNWI1OTJmZWUyMWE2NWUwZjkwMzAzOGM1MzMzYmUzODgyMzRhNDM3MzFkNGFkZmU1ZDU3ZDM2NDRlNSJ9fX0=, signature=]
java.security.SignatureException: Bad signature length: got 0 but was expecting 512
	at java.base/sun.security.rsa.RSASignature.engineVerify(RSASignature.java:212)
	at java.base/java.security.Signature$Delegate.engineVerify(Signature.java:1422)
	at java.base/java.security.Signature.verify(Signature.java:790)
	at knot//com.mojang.authlib.yggdrasil.YggdrasilServicesKeyInfo.validateProperty(YggdrasilServicesKeyInfo.java:165)
	at knot//com.mojang.authlib.yggdrasil.YggdrasilMinecraftSessionService.lambda$getPropertySignatureState$0(YggdrasilMinecraftSessionService.java:185)
	at java.base/java.util.stream.MatchOps$1MatchSink.accept(MatchOps.java:90)
	at java.base/java.util.AbstractList$RandomAccessSpliterator.tryAdvance(AbstractList.java:708)
	at java.base/java.util.stream.ReferencePipeline.forEachWithCancel(ReferencePipeline.java:129)
	at java.base/java.util.stream.AbstractPipeline.copyIntoWithCancel(AbstractPipeline.java:527)
	at java.base/java.util.stream.AbstractPipeline.copyInto(AbstractPipeline.java:513)
	at java.base/java.util.stream.AbstractPipeline.wrapAndCopyInto(AbstractPipeline.java:499)
	at java.base/java.util.stream.MatchOps$MatchOp.evaluateSequential(MatchOps.java:230)
	at java.base/java.util.stream.MatchOps$MatchOp.evaluateSequential(MatchOps.java:196)
	at java.base/java.util.stream.AbstractPipeline.evaluate(AbstractPipeline.java:234)
	at java.base/java.util.stream.ReferencePipeline.noneMatch(ReferencePipeline.java:642)
	at knot//com.mojang.authlib.yggdrasil.YggdrasilMinecraftSessionService.getPropertySignatureState(YggdrasilMinecraftSessionService.java:185)
	at knot//com.mojang.authlib.yggdrasil.YggdrasilMinecraftSessionService.unpackTextures(YggdrasilMinecraftSessionService.java:128)
	at knot//net.minecraft.class_1071$1.method_54647(class_1071.java:60)
	at java.base/java.util.concurrent.CompletableFuture$AsyncSupply.run(CompletableFuture.java:1768)
	at java.base/java.util.concurrent.CompletableFuture$AsyncSupply.exec(CompletableFuture.java:1760)
	at java.base/java.util.concurrent.ForkJoinTask.doExec(ForkJoinTask.java:387)
	at java.base/java.util.concurrent.ForkJoinPool$WorkQueue.topLevelExec(ForkJoinPool.java:1312)
	at java.base/java.util.concurrent.ForkJoinPool.scan(ForkJoinPool.java:1843)
	at java.base/java.util.concurrent.ForkJoinPool.runWorker(ForkJoinPool.java:1808)
	at java.base/java.util.concurrent.ForkJoinWorkerThread.run(ForkJoinWorkerThread.java:188)
[20:03:33] [Worker-Main-19/ERROR]: Failed to verify signature on property Property[name=textures, value=eyJ0ZXh0dXJlcyI6eyJTS0lOIjp7InVybCI6Imh0dHA6Ly90ZXh0dXJlcy5taW5lY3JhZnQubmV0L3RleHR1cmUvNjNmYWJjMzg5MWM5NjJjOTEzOTU5ZDY1YmU5MGRhYTVkZTEyMTFmYTQwODdkYWUzODZmZjRlZDQyNDhmIn19fQ==, signature=]
java.security.SignatureException: Bad signature length: got 0 but was expecting 512
	at java.base/sun.security.rsa.RSASignature.engineVerify(RSASignature.java:212)
	at java.base/java.security.Signature$Delegate.engineVerify(Signature.java:1422)
	at java.base/java.security.Signature.verify(Signature.java:790)
	at knot//com.mojang.authlib.yggdrasil.YggdrasilServicesKeyInfo.validateProperty(YggdrasilServicesKeyInfo.java:165)
	at knot//com.mojang.authlib.yggdrasil.YggdrasilMinecraftSessionService.lambda$getPropertySignatureState$0(YggdrasilMinecraftSessionService.java:185)
	at java.base/java.util.stream.MatchOps$1MatchSink.accept(MatchOps.java:90)
	at java.base/java.util.AbstractList$RandomAccessSpliterator.tryAdvance(AbstractList.java:708)
	at java.base/java.util.stream.ReferencePipeline.forEachWithCancel(ReferencePipeline.java:129)
	at java.base/java.util.stream.AbstractPipeline.copyIntoWithCancel(AbstractPipeline.java:527)
	at java.base/java.util.stream.AbstractPipeline.copyInto(AbstractPipeline.java:513)
	at java.base/java.util.stream.AbstractPipeline.wrapAndCopyInto(AbstractPipeline.java:499)
	at java.base/java.util.stream.MatchOps$MatchOp.evaluateSequential(MatchOps.java:230)
	at java.base/java.util.stream.MatchOps$MatchOp.evaluateSequential(MatchOps.java:196)
	at java.base/java.util.stream.AbstractPipeline.evaluate(AbstractPipeline.java:234)
	at java.base/java.util.stream.ReferencePipeline.noneMatch(ReferencePipeline.java:642)
	at knot//com.mojang.authlib.yggdrasil.YggdrasilMinecraftSessionService.getPropertySignatureState(YggdrasilMinecraftSessionService.java:185)
	at knot//com.mojang.authlib.yggdrasil.YggdrasilMinecraftSessionService.unpackTextures(YggdrasilMinecraftSessionService.java:128)
	at knot//net.minecraft.class_1071$1.method_54647(class_1071.java:60)
	at java.base/java.util.concurrent.CompletableFuture$AsyncSupply.run(CompletableFuture.java:1768)
	at java.base/java.util.concurrent.CompletableFuture$AsyncSupply.exec(CompletableFuture.java:1760)
	at java.base/java.util.concurrent.ForkJoinTask.doExec(ForkJoinTask.java:387)
	at java.base/java.util.concurrent.ForkJoinPool$WorkQueue.topLevelExec(ForkJoinPool.java:1312)
	at java.base/java.util.concurrent.ForkJoinPool.scan(ForkJoinPool.java:1843)
	at java.base/java.util.concurrent.ForkJoinPool.runWorker(ForkJoinPool.java:1808)
	at java.base/java.util.concurrent.ForkJoinWorkerThread.run(ForkJoinWorkerThread.java:188)
[20:03:33] [Worker-Main-19/WARN]: Profile contained invalid signature for textures property (profile id: 8344523e-eb18-4320-93f0-eae11c042ba9)
[20:03:33] [Worker-Main-12/ERROR]: Failed to verify signature on property Property[name=textures, value=eyJ0ZXh0dXJlcyI6eyJTS0lOIjp7InVybCI6Imh0dHA6Ly90ZXh0dXJlcy5taW5lY3JhZnQubmV0L3RleHR1cmUvOTFiZTRiNWI1OTJmZWUyMWE2NWUwZjkwMzAzOGM1MzMzYmUzODgyMzRhNDM3MzFkNGFkZmU1ZDU3ZDM2NDRlNSJ9fX0=, signature=]
java.security.SignatureException: Bad signature length: got 0 but was expecting 512
	at java.base/sun.security.rsa.RSASignature.engineVerify(RSASignature.java:212)
	at java.base/java.security.Signature$Delegate.engineVerify(Signature.java:1422)
	at java.base/java.security.Signature.verify(Signature.java:790)
	at knot//com.mojang.authlib.yggdrasil.YggdrasilServicesKeyInfo.validateProperty(YggdrasilServicesKeyInfo.java:165)
	at knot//com.mojang.authlib.yggdrasil.YggdrasilMinecraftSessionService.lambda$getPropertySignatureState$0(YggdrasilMinecraftSessionService.java:185)
	at java.base/java.util.stream.MatchOps$1MatchSink.accept(MatchOps.java:90)
	at java.base/java.util.AbstractList$RandomAccessSpliterator.tryAdvance(AbstractList.java:708)
	at java.base/java.util.stream.ReferencePipeline.forEachWithCancel(ReferencePipeline.java:129)
	at java.base/java.util.stream.AbstractPipeline.copyIntoWithCancel(AbstractPipeline.java:527)
	at java.base/java.util.stream.AbstractPipeline.copyInto(AbstractPipeline.java:513)
	at java.base/java.util.stream.AbstractPipeline.wrapAndCopyInto(AbstractPipeline.java:499)
	at java.base/java.util.stream.MatchOps$MatchOp.evaluateSequential(MatchOps.java:230)
	at java.base/java.util.stream.MatchOps$MatchOp.evaluateSequential(MatchOps.java:196)
	at java.base/java.util.stream.AbstractPipeline.evaluate(AbstractPipeline.java:234)
	at java.base/java.util.stream.ReferencePipeline.noneMatch(ReferencePipeline.java:642)
	at knot//com.mojang.authlib.yggdrasil.YggdrasilMinecraftSessionService.getPropertySignatureState(YggdrasilMinecraftSessionService.java:185)
	at knot//com.mojang.authlib.yggdrasil.YggdrasilMinecraftSessionService.unpackTextures(YggdrasilMinecraftSessionService.java:128)
	at knot//net.minecraft.class_1071$1.method_54647(class_1071.java:60)
	at java.base/java.util.concurrent.CompletableFuture$AsyncSupply.run(CompletableFuture.java:1768)
	at java.base/java.util.concurrent.CompletableFuture$AsyncSupply.exec(CompletableFuture.java:1760)
	at java.base/java.util.concurrent.ForkJoinTask.doExec(ForkJoinTask.java:387)
	at java.base/java.util.concurrent.ForkJoinPool$WorkQueue.topLevelExec(ForkJoinPool.java:1312)
	at java.base/java.util.concurrent.ForkJoinPool.scan(ForkJoinPool.java:1843)
	at java.base/java.util.concurrent.ForkJoinPool.runWorker(ForkJoinPool.java:1808)
	at java.base/java.util.concurrent.ForkJoinWorkerThread.run(ForkJoinWorkerThread.java:188)
[20:03:33] [Worker-Main-12/WARN]: Profile contained invalid signature for textures property (profile id: 8c84ec9c-35ff-4a3f-888b-a8dde63f2190)
[20:03:34] [Worker-Main-12/ERROR]: Failed to verify signature on property Property[name=textures, value=eyJ0ZXh0dXJlcyI6eyJTS0lOIjp7InVybCI6Imh0dHA6Ly90ZXh0dXJlcy5taW5lY3JhZnQubmV0L3RleHR1cmUvNjNmYWJjMzg5MWM5NjJjOTEzOTU5ZDY1YmU5MGRhYTVkZTEyMTFmYTQwODdkYWUzODZmZjRlZDQyNDhmIn19fQ==, signature=]
java.security.SignatureException: Bad signature length: got 0 but was expecting 512
	at java.base/sun.security.rsa.RSASignature.engineVerify(RSASignature.java:212)
	at java.base/java.security.Signature$Delegate.engineVerify(Signature.java:1422)
	at java.base/java.security.Signature.verify(Signature.java:790)
	at knot//com.mojang.authlib.yggdrasil.YggdrasilServicesKeyInfo.validateProperty(YggdrasilServicesKeyInfo.java:165)
	at knot//com.mojang.authlib.yggdrasil.YggdrasilMinecraftSessionService.lambda$getPropertySignatureState$0(YggdrasilMinecraftSessionService.java:185)
	at java.base/java.util.stream.MatchOps$1MatchSink.accept(MatchOps.java:90)
	at java.base/java.util.AbstractList$RandomAccessSpliterator.tryAdvance(AbstractList.java:708)
	at java.base/java.util.stream.ReferencePipeline.forEachWithCancel(ReferencePipeline.java:129)
	at java.base/java.util.stream.AbstractPipeline.copyIntoWithCancel(AbstractPipeline.java:527)
	at java.base/java.util.stream.AbstractPipeline.copyInto(AbstractPipeline.java:513)
	at java.base/java.util.stream.AbstractPipeline.wrapAndCopyInto(AbstractPipeline.java:499)
	at java.base/java.util.stream.MatchOps$MatchOp.evaluateSequential(MatchOps.java:230)
	at java.base/java.util.stream.MatchOps$MatchOp.evaluateSequential(MatchOps.java:196)
	at java.base/java.util.stream.AbstractPipeline.evaluate(AbstractPipeline.java:234)
	at java.base/java.util.stream.ReferencePipeline.noneMatch(ReferencePipeline.java:642)
	at knot//com.mojang.authlib.yggdrasil.YggdrasilMinecraftSessionService.getPropertySignatureState(YggdrasilMinecraftSessionService.java:185)
	at knot//com.mojang.authlib.yggdrasil.YggdrasilMinecraftSessionService.unpackTextures(YggdrasilMinecraftSessionService.java:128)
	at knot//net.minecraft.class_1071$1.method_54647(class_1071.java:60)
	at java.base/java.util.concurrent.CompletableFuture$AsyncSupply.run(CompletableFuture.java:1768)
	at java.base/java.util.concurrent.CompletableFuture$AsyncSupply.exec(CompletableFuture.java:1760)
	at java.base/java.util.concurrent.ForkJoinTask.doExec(ForkJoinTask.java:387)
	at java.base/java.util.concurrent.ForkJoinPool$WorkQueue.topLevelExec(ForkJoinPool.java:1312)
	at java.base/java.util.concurrent.ForkJoinPool.scan(ForkJoinPool.java:1843)
	at java.base/java.util.concurrent.ForkJoinPool.runWorker(ForkJoinPool.java:1808)
	at java.base/java.util.concurrent.ForkJoinWorkerThread.run(ForkJoinWorkerThread.java:188)
[20:03:34] [Worker-Main-12/ERROR]: Failed to verify signature on property Property[name=textures, value=eyJ0ZXh0dXJlcyI6eyJTS0lOIjp7InVybCI6Imh0dHA6Ly90ZXh0dXJlcy5taW5lY3JhZnQubmV0L3RleHR1cmUvNjNmYWJjMzg5MWM5NjJjOTEzOTU5ZDY1YmU5MGRhYTVkZTEyMTFmYTQwODdkYWUzODZmZjRlZDQyNDhmIn19fQ==, signature=]
java.security.SignatureException: Bad signature length: got 0 but was expecting 512
	at java.base/sun.security.rsa.RSASignature.engineVerify(RSASignature.java:212)
	at java.base/java.security.Signature$Delegate.engineVerify(Signature.java:1422)
	at java.base/java.security.Signature.verify(Signature.java:790)
	at knot//com.mojang.authlib.yggdrasil.YggdrasilServicesKeyInfo.validateProperty(YggdrasilServicesKeyInfo.java:165)
	at knot//com.mojang.authlib.yggdrasil.YggdrasilMinecraftSessionService.lambda$getPropertySignatureState$0(YggdrasilMinecraftSessionService.java:185)
	at java.base/java.util.stream.MatchOps$1MatchSink.accept(MatchOps.java:90)
	at java.base/java.util.AbstractList$RandomAccessSpliterator.tryAdvance(AbstractList.java:708)
	at java.base/java.util.stream.ReferencePipeline.forEachWithCancel(ReferencePipeline.java:129)
	at java.base/java.util.stream.AbstractPipeline.copyIntoWithCancel(AbstractPipeline.java:527)
	at java.base/java.util.stream.AbstractPipeline.copyInto(AbstractPipeline.java:513)
	at java.base/java.util.stream.AbstractPipeline.wrapAndCopyInto(AbstractPipeline.java:499)
	at java.base/java.util.stream.MatchOps$MatchOp.evaluateSequential(MatchOps.java:230)
	at java.base/java.util.stream.MatchOps$MatchOp.evaluateSequential(MatchOps.java:196)
	at java.base/java.util.stream.AbstractPipeline.evaluate(AbstractPipeline.java:234)
	at java.base/java.util.stream.ReferencePipeline.noneMatch(ReferencePipeline.java:642)
	at knot//com.mojang.authlib.yggdrasil.YggdrasilMinecraftSessionService.getPropertySignatureState(YggdrasilMinecraftSessionService.java:185)
	at knot//com.mojang.authlib.yggdrasil.YggdrasilMinecraftSessionService.unpackTextures(YggdrasilMinecraftSessionService.java:128)
	at knot//net.minecraft.class_1071$1.method_54647(class_1071.java:60)
	at java.base/java.util.concurrent.CompletableFuture$AsyncSupply.run(CompletableFuture.java:1768)
	at java.base/java.util.concurrent.CompletableFuture$AsyncSupply.exec(CompletableFuture.java:1760)
	at java.base/java.util.concurrent.ForkJoinTask.doExec(ForkJoinTask.java:387)
	at java.base/java.util.concurrent.ForkJoinPool$WorkQueue.topLevelExec(ForkJoinPool.java:1312)
	at java.base/java.util.concurrent.ForkJoinPool.scan(ForkJoinPool.java:1843)
	at java.base/java.util.concurrent.ForkJoinPool.runWorker(ForkJoinPool.java:1808)
	at java.base/java.util.concurrent.ForkJoinWorkerThread.run(ForkJoinWorkerThread.java:188)
[20:03:34] [Worker-Main-12/WARN]: Profile contained invalid signature for textures property (profile id: 54b5c87b-ac3c-47fd-b77e-79fc182341bb)
[20:03:34] [Render thread/INFO]: [System] [CHAT] DELUXE ellai Вечный подключился к интернету
[20:03:34] [Worker-Main-12/ERROR]: Failed to verify signature on property Property[name=textures, value=ewogICJ0aW1lc3RhbXAiIDogMTU5MzM1NzE3NDM0NSwKICAicHJvZmlsZUlkIiA6ICI4ODQ0ZDJiMWM2YjY0MmVkYTYxNTNjNGEyY2I3YTU5NiIsCiAgInByb2ZpbGVOYW1lIiA6ICJUYW52dmVyIiwKICAic2lnbmF0dXJlUmVxdWlyZWQiIDogdHJ1ZSwKICAidGV4dHVyZXMiIDogewogICAgIlNLSU4iIDogewogICAgICAidXJsIiA6ICJodHRwOi8vdGV4dHVyZXMubWluZWNyYWZ0Lm5ldC90ZXh0dXJlLzQxYTQzMjBlNGNkYWYwMDNmMzRhZjZlYjVjZjI5YzM2N2E3NDZmYjM5ZjAyNzVmNDQ5OTIzNzg1M2UwNjkwYzUiLAogICAgICAibWV0YWRhdGEiIDogewogICAgICAgICJtb2RlbCIgOiAic2xpbSIKICAgICAgfQogICAgfQogIH0KfQ==, signature=]
java.security.SignatureException: Bad signature length: got 0 but was expecting 512
	at java.base/sun.security.rsa.RSASignature.engineVerify(RSASignature.java:212)
	at java.base/java.security.Signature$Delegate.engineVerify(Signature.java:1422)
	at java.base/java.security.Signature.verify(Signature.java:790)
	at knot//com.mojang.authlib.yggdrasil.YggdrasilServicesKeyInfo.validateProperty(YggdrasilServicesKeyInfo.java:165)
	at knot//com.mojang.authlib.yggdrasil.YggdrasilMinecraftSessionService.lambda$getPropertySignatureState$0(YggdrasilMinecraftSessionService.java:185)
	at java.base/java.util.stream.MatchOps$1MatchSink.accept(MatchOps.java:90)
	at java.base/java.util.AbstractList$RandomAccessSpliterator.tryAdvance(AbstractList.java:708)
	at java.base/java.util.stream.ReferencePipeline.forEachWithCancel(ReferencePipeline.java:129)
	at java.base/java.util.stream.AbstractPipeline.copyIntoWithCancel(AbstractPipeline.java:527)
	at java.base/java.util.stream.AbstractPipeline.copyInto(AbstractPipeline.java:513)
	at java.base/java.util.stream.AbstractPipeline.wrapAndCopyInto(AbstractPipeline.java:499)
	at java.base/java.util.stream.MatchOps$MatchOp.evaluateSequential(MatchOps.java:230)
	at java.base/java.util.stream.MatchOps$MatchOp.evaluateSequential(MatchOps.java:196)
	at java.base/java.util.stream.AbstractPipeline.evaluate(AbstractPipeline.java:234)
	at java.base/java.util.stream.ReferencePipeline.noneMatch(ReferencePipeline.java:642)
	at knot//com.mojang.authlib.yggdrasil.YggdrasilMinecraftSessionService.getPropertySignatureState(YggdrasilMinecraftSessionService.java:185)
	at knot//com.mojang.authlib.yggdrasil.YggdrasilMinecraftSessionService.unpackTextures(YggdrasilMinecraftSessionService.java:128)
	at knot//net.minecraft.class_1071$1.method_54647(class_1071.java:60)
	at java.base/java.util.concurrent.CompletableFuture$AsyncSupply.run(CompletableFuture.java:1768)
	at java.base/java.util.concurrent.CompletableFuture$AsyncSupply.exec(CompletableFuture.java:1760)
	at java.base/java.util.concurrent.ForkJoinTask.doExec(ForkJoinTask.java:387)
	at java.base/java.util.concurrent.ForkJoinPool$WorkQueue.topLevelExec(ForkJoinPool.java:1312)
	at java.base/java.util.concurrent.ForkJoinPool.scan(ForkJoinPool.java:1843)
	at java.base/java.util.concurrent.ForkJoinPool.runWorker(ForkJoinPool.java:1808)
	at java.base/java.util.concurrent.ForkJoinWorkerThread.run(ForkJoinWorkerThread.java:188)
[20:03:34] [Worker-Main-12/ERROR]: Failed to verify signature on property Property[name=textures, value=ewogICJ0aW1lc3RhbXAiIDogMTU5MzM1NzE3NDM0NSwKICAicHJvZmlsZUlkIiA6ICI4ODQ0ZDJiMWM2YjY0MmVkYTYxNTNjNGEyY2I3YTU5NiIsCiAgInByb2ZpbGVOYW1lIiA6ICJUYW52dmVyIiwKICAic2lnbmF0dXJlUmVxdWlyZWQiIDogdHJ1ZSwKICAidGV4dHVyZXMiIDogewogICAgIlNLSU4iIDogewogICAgICAidXJsIiA6ICJodHRwOi8vdGV4dHVyZXMubWluZWNyYWZ0Lm5ldC90ZXh0dXJlLzQxYTQzMjBlNGNkYWYwMDNmMzRhZjZlYjVjZjI5YzM2N2E3NDZmYjM5ZjAyNzVmNDQ5OTIzNzg1M2UwNjkwYzUiLAogICAgICAibWV0YWRhdGEiIDogewogICAgICAgICJtb2RlbCIgOiAic2xpbSIKICAgICAgfQogICAgfQogIH0KfQ==, signature=]
java.security.SignatureException: Bad signature length: got 0 but was expecting 512
	at java.base/sun.security.rsa.RSASignature.engineVerify(RSASignature.java:212)
	at java.base/java.security.Signature$Delegate.engineVerify(Signature.java:1422)
	at java.base/java.security.Signature.verify(Signature.java:790)
	at knot//com.mojang.authlib.yggdrasil.YggdrasilServicesKeyInfo.validateProperty(YggdrasilServicesKeyInfo.java:165)
	at knot//com.mojang.authlib.yggdrasil.YggdrasilMinecraftSessionService.lambda$getPropertySignatureState$0(YggdrasilMinecraftSessionService.java:185)
	at java.base/java.util.stream.MatchOps$1MatchSink.accept(MatchOps.java:90)
	at java.base/java.util.AbstractList$RandomAccessSpliterator.tryAdvance(AbstractList.java:708)
	at java.base/java.util.stream.ReferencePipeline.forEachWithCancel(ReferencePipeline.java:129)
	at java.base/java.util.stream.AbstractPipeline.copyIntoWithCancel(AbstractPipeline.java:527)
	at java.base/java.util.stream.AbstractPipeline.copyInto(AbstractPipeline.java:513)
	at java.base/java.util.stream.AbstractPipeline.wrapAndCopyInto(AbstractPipeline.java:499)
	at java.base/java.util.stream.MatchOps$MatchOp.evaluateSequential(MatchOps.java:230)
	at java.base/java.util.stream.MatchOps$MatchOp.evaluateSequential(MatchOps.java:196)
	at java.base/java.util.stream.AbstractPipeline.evaluate(AbstractPipeline.java:234)
	at java.base/java.util.stream.ReferencePipeline.noneMatch(ReferencePipeline.java:642)
	at knot//com.mojang.authlib.yggdrasil.YggdrasilMinecraftSessionService.getPropertySignatureState(YggdrasilMinecraftSessionService.java:185)
	at knot//com.mojang.authlib.yggdrasil.YggdrasilMinecraftSessionService.unpackTextures(YggdrasilMinecraftSessionService.java:128)
	at knot//net.minecraft.class_1071$1.method_54647(class_1071.java:60)
	at java.base/java.util.concurrent.CompletableFuture$AsyncSupply.run(CompletableFuture.java:1768)
	at java.base/java.util.concurrent.CompletableFuture$AsyncSupply.exec(CompletableFuture.java:1760)
	at java.base/java.util.concurrent.ForkJoinTask.doExec(ForkJoinTask.java:387)
	at java.base/java.util.concurrent.ForkJoinPool$WorkQueue.topLevelExec(ForkJoinPool.java:1312)
	at java.base/java.util.concurrent.ForkJoinPool.scan(ForkJoinPool.java:1843)
	at java.base/java.util.concurrent.ForkJoinPool.runWorker(ForkJoinPool.java:1808)
	at java.base/java.util.concurrent.ForkJoinWorkerThread.run(ForkJoinWorkerThread.java:188)
[20:03:34] [Worker-Main-12/WARN]: Profile contained invalid signature for textures property (profile id: 60e1e44c-8ddf-4503-9b76-58e1e208cb30)
[20:03:34] [Worker-Main-12/ERROR]: Failed to verify signature on property Property[name=textures, value=eyJ0ZXh0dXJlcyI6eyJTS0lOIjp7InVybCI6Imh0dHA6Ly90ZXh0dXJlcy5taW5lY3JhZnQubmV0L3RleHR1cmUvNjNmYWJjMzg5MWM5NjJjOTEzOTU5ZDY1YmU5MGRhYTVkZTEyMTFmYTQwODdkYWUzODZmZjRlZDQyNDhmIn19fQ==, signature=]
java.security.SignatureException: Bad signature length: got 0 but was expecting 512
	at java.base/sun.security.rsa.RSASignature.engineVerify(RSASignature.java:212)
	at java.base/java.security.Signature$Delegate.engineVerify(Signature.java:1422)
	at java.base/java.security.Signature.verify(Signature.java:790)
	at knot//com.mojang.authlib.yggdrasil.YggdrasilServicesKeyInfo.validateProperty(YggdrasilServicesKeyInfo.java:165)
	at knot//com.mojang.authlib.yggdrasil.YggdrasilMinecraftSessionService.lambda$getPropertySignatureState$0(YggdrasilMinecraftSessionService.java:185)
	at java.base/java.util.stream.MatchOps$1MatchSink.accept(MatchOps.java:90)
	at java.base/java.util.AbstractList$RandomAccessSpliterator.tryAdvance(AbstractList.java:708)
	at java.base/java.util.stream.ReferencePipeline.forEachWithCancel(ReferencePipeline.java:129)
	at java.base/java.util.stream.AbstractPipeline.copyIntoWithCancel(AbstractPipeline.java:527)
	at java.base/java.util.stream.AbstractPipeline.copyInto(AbstractPipeline.java:513)
	at java.base/java.util.stream.AbstractPipeline.wrapAndCopyInto(AbstractPipeline.java:499)
	at java.base/java.util.stream.MatchOps$MatchOp.evaluateSequential(MatchOps.java:230)
	at java.base/java.util.stream.MatchOps$MatchOp.evaluateSequential(MatchOps.java:196)
	at java.base/java.util.stream.AbstractPipeline.evaluate(AbstractPipeline.java:234)
	at java.base/java.util.stream.ReferencePipeline.noneMatch(ReferencePipeline.java:642)
	at knot//com.mojang.authlib.yggdrasil.YggdrasilMinecraftSessionService.getPropertySignatureState(YggdrasilMinecraftSessionService.java:185)
	at knot//com.mojang.authlib.yggdrasil.YggdrasilMinecraftSessionService.unpackTextures(YggdrasilMinecraftSessionService.java:128)
	at knot//net.minecraft.class_1071$1.method_54647(class_1071.java:60)
	at java.base/java.util.concurrent.CompletableFuture$AsyncSupply.run(CompletableFuture.java:1768)
	at java.base/java.util.concurrent.CompletableFuture$AsyncSupply.exec(CompletableFuture.java:1760)
	at java.base/java.util.concurrent.ForkJoinTask.doExec(ForkJoinTask.java:387)
	at java.base/java.util.concurrent.ForkJoinPool$WorkQueue.topLevelExec(ForkJoinPool.java:1312)
	at java.base/java.util.concurrent.ForkJoinPool.scan(ForkJoinPool.java:1843)
	at java.base/java.util.concurrent.ForkJoinPool.runWorker(ForkJoinPool.java:1808)
	at java.base/java.util.concurrent.ForkJoinWorkerThread.run(ForkJoinWorkerThread.java:188)
[20:03:34] [Worker-Main-12/ERROR]: Failed to verify signature on property Property[name=textures, value=eyJ0ZXh0dXJlcyI6eyJTS0lOIjp7InVybCI6Imh0dHA6Ly90ZXh0dXJlcy5taW5lY3JhZnQubmV0L3RleHR1cmUvNjNmYWJjMzg5MWM5NjJjOTEzOTU5ZDY1YmU5MGRhYTVkZTEyMTFmYTQwODdkYWUzODZmZjRlZDQyNDhmIn19fQ==, signature=]
java.security.SignatureException: Bad signature length: got 0 but was expecting 512
	at java.base/sun.security.rsa.RSASignature.engineVerify(RSASignature.java:212)
	at java.base/java.security.Signature$Delegate.engineVerify(Signature.java:1422)
	at java.base/java.security.Signature.verify(Signature.java:790)
	at knot//com.mojang.authlib.yggdrasil.YggdrasilServicesKeyInfo.validateProperty(YggdrasilServicesKeyInfo.java:165)
	at knot//com.mojang.authlib.yggdrasil.YggdrasilMinecraftSessionService.lambda$getPropertySignatureState$0(YggdrasilMinecraftSessionService.java:185)
	at java.base/java.util.stream.MatchOps$1MatchSink.accept(MatchOps.java:90)
	at java.base/java.util.AbstractList$RandomAccessSpliterator.tryAdvance(AbstractList.java:708)
	at java.base/java.util.stream.ReferencePipeline.forEachWithCancel(ReferencePipeline.java:129)
	at java.base/java.util.stream.AbstractPipeline.copyIntoWithCancel(AbstractPipeline.java:527)
	at java.base/java.util.stream.AbstractPipeline.copyInto(AbstractPipeline.java:513)
	at java.base/java.util.stream.AbstractPipeline.wrapAndCopyInto(AbstractPipeline.java:499)
	at java.base/java.util.stream.MatchOps$MatchOp.evaluateSequential(MatchOps.java:230)
	at java.base/java.util.stream.MatchOps$MatchOp.evaluateSequential(MatchOps.java:196)
	at java.base/java.util.stream.AbstractPipeline.evaluate(AbstractPipeline.java:234)
	at java.base/java.util.stream.ReferencePipeline.noneMatch(ReferencePipeline.java:642)
	at knot//com.mojang.authlib.yggdrasil.YggdrasilMinecraftSessionService.getPropertySignatureState(YggdrasilMinecraftSessionService.java:185)
	at knot//com.mojang.authlib.yggdrasil.YggdrasilMinecraftSessionService.unpackTextures(YggdrasilMinecraftSessionService.java:128)
	at knot//net.minecraft.class_1071$1.method_54647(class_1071.java:60)
	at java.base/java.util.concurrent.CompletableFuture$AsyncSupply.run(CompletableFuture.java:1768)
	at java.base/java.util.concurrent.CompletableFuture$AsyncSupply.exec(CompletableFuture.java:1760)
	at java.base/java.util.concurrent.ForkJoinTask.doExec(ForkJoinTask.java:387)
	at java.base/java.util.concurrent.ForkJoinPool$WorkQueue.topLevelExec(ForkJoinPool.java:1312)
	at java.base/java.util.concurrent.ForkJoinPool.scan(ForkJoinPool.java:1843)
	at java.base/java.util.concurrent.ForkJoinPool.runWorker(ForkJoinPool.java:1808)
	at java.base/java.util.concurrent.ForkJoinWorkerThread.run(ForkJoinWorkerThread.java:188)
[20:03:34] [Worker-Main-12/WARN]: Profile contained invalid signature for textures property (profile id: cda01623-a9aa-4355-8535-bcfbbf5901f7)
[20:03:34] [Render thread/INFO]: Stopping worker threads
[20:03:35] [Render thread/INFO]: Started 6 worker threads
[20:03:35] [Render thread/INFO]: [voicechat] Disconnecting from previous connection due to server change
[20:03:35] [Render thread/INFO]: [voicechat] Clearing audio channels
[20:03:35] [Render thread/INFO]: [voicechat] Sending secret request to the server
[20:03:35] [Render thread/INFO]: [voicechat] Received secret
[20:03:35] [Render thread/INFO]: [voicechat] Connecting to voice chat server: 'gw.voice.agerapvp.club:30005'
[20:03:35] [VoiceChatAuthenticationThread/INFO]: [voicechat] Trying to authenticate voice chat connection
[20:03:35] [Render thread/INFO]: [System] [CHAT] [+] Kwvanty присоединился к игре (1/2)
[20:03:35] [Render thread/INFO]: [System] [CHAT] [+] Backmounta присоединился к игре (2/2)
[20:03:35] [Render thread/INFO]: [System] [CHAT] Игра начинается через 5 секунд!
[20:03:36] [VoiceChatAuthenticationThread/INFO]: [voicechat] Trying to authenticate voice chat connection
[20:03:36] [VoiceChatConnectionThread/INFO]: [voicechat] Server acknowledged authentication
[20:03:37] [VoiceChatAuthenticationThread/INFO]: [voicechat] Trying to validate voice chat connection
[20:03:37] [Render thread/INFO]: [System] [CHAT] Игра начинается через 3 секунд!
[20:03:37] [VoiceChatConnectionThread/INFO]: [voicechat] Server acknowledged connection check
[20:03:38] [Render thread/INFO]: [System] [CHAT] Игра начинается через 2 секунд!
[20:03:39] [Render thread/INFO]: [System] [CHAT] Игра начинается через 1 секунду!
[20:03:40] [Render thread/INFO]: [FANCYMENU] ScreenCustomizationLayer registered: sign_edit_screen
[20:03:40] [Render thread/INFO]: [FANCYMENU] ScreenCustomizationLayer registered: de.maxhenkel.voicechat.gui.VoiceChatScreen
[20:03:40] [Render thread/INFO]: [System] [CHAT] 
[20:03:40] [Render thread/INFO]: [System] [CHAT]                           Дуэль (режим SpearMace)
[20:03:40] [Render thread/INFO]: [System] [CHAT] 
[20:03:40] [Render thread/INFO]: [System] [CHAT]                                Ваша задача:
[20:03:40] [Render thread/INFO]: [System] [CHAT]                        Уничтожить своих противников
[20:03:40] [Render thread/INFO]: [System] [CHAT] 
[20:03:40] [Render thread/INFO]: [System] [CHAT]                          Ваш противник: Backmounta
[20:03:40] [Render thread/INFO]: [System] [CHAT] 
[20:03:40] [Render thread/INFO]: [System] [CHAT] 
[20:03:40] [Render thread/INFO]: [System] [CHAT] Игра закончится через 35 минут
[20:03:40] [Render thread/INFO]: [System] [CHAT] ! Ваша статистика не будет затронута в течение этой игры.
[20:04:02] [Render thread/INFO]: [System] [CHAT] \n §fОстались вопросы по серверу? Задайте их прямо в игре!\n §fВведите команду §b/ask <вопрос> §f— и вам обязательно помогут.\n\n §7[ЗАДАТЬ ВОПРОС]\n\n
[20:04:40] [Render thread/INFO]: [System] [CHAT] Игра закончится через 34 минуты
[20:04:44] [Render thread/INFO]: [FANCYMENU] ScreenCustomizationLayer registered: controls_screen
[20:04:45] [Render thread/INFO]: [FANCYMENU] ScreenCustomizationLayer registered: net.minecraft.class_6599
[20:05:13] [Render thread/INFO]: [System] [CHAT] \n §b§lRUBIUM daniilscripter §fпредлагает поиграть в §bBedWars Doubles\n §7Приглашение отправлено всем игрокам. Успейте зайти!\n\n §7[ПОДКЛЮЧИТЬСЯ К ИГРЕ]\n\n
[20:05:32] [Render thread/INFO]: [System] [CHAT] §f\n§fСейчас §b1 игрок §fстримит на сервере.\n§fИспользуй §b/streams§f чтобы открыть список трансляций!\n§f
[20:05:40] [Render thread/INFO]: [System] [CHAT] Игра закончится через 33 минуты
[20:05:42] [Render thread/INFO]: [System] [CHAT] \n §fИспользуй команду §b/duel <никнейм>§f,\n §fчтобы вызвать игрока на честную дуэль!\n
[20:06:40] [Render thread/INFO]: [System] [CHAT] Игра закончится через 32 минуты
[20:07:22] [Render thread/INFO]: [System] [CHAT] \n §fЗаходи в наш §bTelegram §fканал, чтобы\n §fвсегда быть в курсе всех новостей!\n\n §7[Перейти в Telegram]\n\n
[20:07:40] [Render thread/INFO]: [System] [CHAT] Игра закончится через 31 минута
[20:07:52] [Render thread/INFO]: [System] [CHAT] Backmounta был убит игроком Kwvanty.
[20:07:52] [Render thread/INFO]: [System] [CHAT] 
[20:07:52] [Render thread/INFO]: [System] [CHAT]                           Дуэль (режим SpearMace)
[20:07:52] [Render thread/INFO]: [System] [CHAT] 
[20:07:52] [Render thread/INFO]: [System] [CHAT]                               Победитель игры
[20:07:52] [Render thread/INFO]: [System] [CHAT]                                   Kwvanty
[20:07:52] [Render thread/INFO]: [System] [CHAT] 
[20:07:52] [Render thread/INFO]: [System] [CHAT] 
[20:07:53] [Render thread/INFO]: Stopping worker threads
[20:07:53] [Render thread/INFO]: Started 6 worker threads
[20:07:53] [Render thread/INFO]: [voicechat] Disconnecting from previous connection due to server change
[20:07:53] [Render thread/INFO]: [voicechat] Clearing audio channels
[20:07:53] [Render thread/INFO]: [voicechat] Stopping microphone thread
[20:07:53] [Render thread/INFO]: [voicechat] Disconnecting voicechat
[20:07:53] [Render thread/INFO]: [voicechat] Sending secret request to the server
[20:07:53] [Render thread/INFO]: [voicechat] Received secret
[20:07:53] [Render thread/INFO]: [voicechat] Connecting to voice chat server: 'gw.voice.agerapvp.club:30005'
[20:07:53] [VoiceChatAuthenticationThread/INFO]: [voicechat] Trying to authenticate voice chat connection
[20:07:53] [Render thread/INFO]: [System] [CHAT] [+] Kwvanty присоединился к игре (1/2)
[20:07:54] [Render thread/INFO]: [System] [CHAT] [+] Backmounta присоединился к игре (2/2)
[20:07:54] [Render thread/INFO]: [System] [CHAT] Игра начинается через 5 секунд!
[20:07:54] [VoiceChatAuthenticationThread/INFO]: [voicechat] Trying to authenticate voice chat connection
[20:07:55] [VoiceChatAuthenticationThread/INFO]: [voicechat] Trying to authenticate voice chat connection
[20:07:56] [Render thread/INFO]: [System] [CHAT] Игра начинается через 3 секунд!
[20:07:56] [VoiceChatAuthenticationThread/INFO]: [voicechat] Trying to authenticate voice chat connection
[20:07:57] [Render thread/INFO]: [System] [CHAT] Игра начинается через 2 секунд!
[20:07:57] [VoiceChatAuthenticationThread/INFO]: [voicechat] Trying to authenticate voice chat connection
[20:07:58] [Render thread/INFO]: [System] [CHAT] Игра начинается через 1 секунду!
[20:07:58] [VoiceChatAuthenticationThread/INFO]: [voicechat] Trying to authenticate voice chat connection
[20:07:59] [Render thread/INFO]: [System] [CHAT] 
[20:07:59] [Render thread/INFO]: [System] [CHAT]                           Дуэль (режим SpearMace)
[20:07:59] [Render thread/INFO]: [System] [CHAT] 
[20:07:59] [Render thread/INFO]: [System] [CHAT]                                Ваша задача:
[20:07:59] [Render thread/INFO]: [System] [CHAT]                        Уничтожить своих противников
[20:07:59] [Render thread/INFO]: [System] [CHAT] 
[20:07:59] [Render thread/INFO]: [System] [CHAT]                          Ваш противник: Backmounta
[20:07:59] [Render thread/INFO]: [System] [CHAT] 
[20:07:59] [Render thread/INFO]: [System] [CHAT] 
[20:07:59] [Render thread/INFO]: [System] [CHAT] Игра закончится через 35 минут
[20:07:59] [Render thread/INFO]: [System] [CHAT] ! Ваша статистика не будет затронута в течение этой игры.
[20:07:59] [VoiceChatAuthenticationThread/INFO]: [voicechat] Trying to authenticate voice chat connection
[20:08:00] [VoiceChatAuthenticationThread/INFO]: [voicechat] Trying to authenticate voice chat connection
[20:08:01] [VoiceChatAuthenticationThread/INFO]: [voicechat] Trying to authenticate voice chat connection
[20:08:02] [VoiceChatAuthenticationThread/INFO]: [voicechat] Trying to authenticate voice chat connection
[20:08:03] [VoiceChatAuthenticationThread/WARN]: [voicechat] Trying to authenticate voice chat connection (this message will not be logged again)
[20:08:13] [VoiceChatConnectionThread/INFO]: [voicechat] Server acknowledged authentication
[20:08:13] [VoiceChatAuthenticationThread/INFO]: [voicechat] Trying to validate voice chat connection
[20:08:13] [VoiceChatConnectionThread/INFO]: [voicechat] Server acknowledged connection check
[20:08:55] [Render thread/INFO]: [System] [CHAT] \n §3§lPERRY  shadle001 §fпредлагает поиграть в §bArcade BlockParty\n §7Приглашение отправлено всем игрокам. Успейте зайти!\n\n §7[ПОДКЛЮЧИТЬСЯ К ИГРЕ]\n\n
[20:08:59] [Render thread/INFO]: [System] [CHAT] Игра закончится через 34 минуты
[20:09:02] [Render thread/INFO]: [System] [CHAT] \n §fНаткнулись на читера?\n §fИспользуйте команду §b/report <никнейм>\n §fи модерация быстро накажет нарушителя!\n
[20:09:16] [Render thread/INFO]: [System] [CHAT] Backmounta был убит игроком Kwvanty.
[20:09:16] [Render thread/INFO]: [System] [CHAT] 
[20:09:16] [Render thread/INFO]: [System] [CHAT]                           Дуэль (режим SpearMace)
[20:09:16] [Render thread/INFO]: [System] [CHAT] 
[20:09:16] [Render thread/INFO]: [System] [CHAT]                               Победитель игры
[20:09:16] [Render thread/INFO]: [System] [CHAT]                                   Kwvanty
[20:09:16] [Render thread/INFO]: [System] [CHAT] 
[20:09:16] [Render thread/INFO]: [System] [CHAT] 
[20:09:22] [Render thread/INFO]: Stopping worker threads
[20:09:22] [Render thread/INFO]: Started 6 worker threads
[20:09:22] [Render thread/INFO]: [voicechat] Disconnecting from previous connection due to server change
[20:09:22] [Render thread/INFO]: [voicechat] Clearing audio channels
[20:09:22] [Render thread/INFO]: [voicechat] Stopping microphone thread
[20:09:22] [Render thread/INFO]: [voicechat] Disconnecting voicechat
[20:09:22] [Render thread/INFO]: [voicechat] Sending secret request to the server
[20:09:22] [Render thread/INFO]: [System] [CHAT] [+] Kwvanty присоединился к игре (1/2)
[20:09:22] [Render thread/INFO]: [voicechat] Received secret
[20:09:22] [Render thread/INFO]: [voicechat] Connecting to voice chat server: 'gw.voice.agerapvp.club:30005'
[20:09:22] [VoiceChatAuthenticationThread/INFO]: [voicechat] Trying to authenticate voice chat connection
[20:09:22] [Render thread/INFO]: [System] [CHAT] [+] Backmounta присоединился к игре (2/2)
[20:09:22] [Render thread/INFO]: [System] [CHAT] Игра начинается через 5 секунд!
[20:09:23] [VoiceChatAuthenticationThread/INFO]: [voicechat] Trying to authenticate voice chat connection
[20:09:24] [Render thread/INFO]: [System] [CHAT] §aВ течение 3 секунд вы будете перемещены в лобби.\n§fЧтобы отменить это действие, нажмите на кровать снова.\n§fВы можете отключить задержку в настройках профиля.
[20:09:24] [VoiceChatAuthenticationThread/INFO]: [voicechat] Trying to authenticate voice chat connection
[20:09:24] [Render thread/INFO]: [System] [CHAT] Игра начинается через 3 секунд!
[20:09:25] [VoiceChatAuthenticationThread/INFO]: [voicechat] Trying to authenticate voice chat connection
[20:09:25] [Render thread/INFO]: [System] [CHAT] Игра начинается через 2 секунд!
[20:09:26] [VoiceChatAuthenticationThread/INFO]: [voicechat] Trying to authenticate voice chat connection
[20:09:26] [Render thread/INFO]: Stopping worker threads
[20:09:26] [Render thread/INFO]: Started 6 worker threads
[20:09:26] [Render thread/INFO]: [voicechat] Disconnecting from previous connection due to server change
[20:09:26] [Render thread/INFO]: [voicechat] Clearing audio channels
[20:09:26] [Render thread/INFO]: [voicechat] Disconnecting voicechat
[20:09:26] [Render thread/INFO]: [voicechat] Sending secret request to the server
[20:09:27] [Render thread/INFO]: [System] [CHAT] §f\n§fВам доступно §b12 §fзаданий для выполнения. \n§fЧтобы открыть меню с заданиями, введите команду §b/quests\n§f
[20:09:27] [Worker-Main-14/ERROR]: Failed to verify signature on property Property[name=textures, value=eyJ0ZXh0dXJlcyI6eyJTS0lOIjp7InVybCI6Imh0dHA6Ly90ZXh0dXJlcy5taW5lY3JhZnQubmV0L3RleHR1cmUvNjNmYWJjMzg5MWM5NjJjOTEzOTU5ZDY1YmU5MGRhYTVkZTEyMTFmYTQwODdkYWUzODZmZjRlZDQyNDhmIn19fQ==, signature=]
java.security.SignatureException: Bad signature length: got 0 but was expecting 512
	at java.base/sun.security.rsa.RSASignature.engineVerify(RSASignature.java:212)
	at java.base/java.security.Signature$Delegate.engineVerify(Signature.java:1422)
	at java.base/java.security.Signature.verify(Signature.java:790)
	at knot//com.mojang.authlib.yggdrasil.YggdrasilServicesKeyInfo.validateProperty(YggdrasilServicesKeyInfo.java:165)
	at knot//com.mojang.authlib.yggdrasil.YggdrasilMinecraftSessionService.lambda$getPropertySignatureState$0(YggdrasilMinecraftSessionService.java:185)
	at java.base/java.util.stream.MatchOps$1MatchSink.accept(MatchOps.java:90)
	at java.base/java.util.AbstractList$RandomAccessSpliterator.tryAdvance(AbstractList.java:708)
	at java.base/java.util.stream.ReferencePipeline.forEachWithCancel(ReferencePipeline.java:129)
	at java.base/java.util.stream.AbstractPipeline.copyIntoWithCancel(AbstractPipeline.java:527)
	at java.base/java.util.stream.AbstractPipeline.copyInto(AbstractPipeline.java:513)
	at java.base/java.util.stream.AbstractPipeline.wrapAndCopyInto(AbstractPipeline.java:499)
	at java.base/java.util.stream.MatchOps$MatchOp.evaluateSequential(MatchOps.java:230)
	at java.base/java.util.stream.MatchOps$MatchOp.evaluateSequential(MatchOps.java:196)
	at java.base/java.util.stream.AbstractPipeline.evaluate(AbstractPipeline.java:234)
	at java.base/java.util.stream.ReferencePipeline.noneMatch(ReferencePipeline.java:642)
	at knot//com.mojang.authlib.yggdrasil.YggdrasilMinecraftSessionService.getPropertySignatureState(YggdrasilMinecraftSessionService.java:185)
	at knot//com.mojang.authlib.yggdrasil.YggdrasilMinecraftSessionService.unpackTextures(YggdrasilMinecraftSessionService.java:128)
	at knot//net.minecraft.class_1071$1.method_54647(class_1071.java:60)
	at java.base/java.util.concurrent.CompletableFuture$AsyncSupply.run(CompletableFuture.java:1768)
	at java.base/java.util.concurrent.CompletableFuture$AsyncSupply.exec(CompletableFuture.java:1760)
	at java.base/java.util.concurrent.ForkJoinTask.doExec(ForkJoinTask.java:387)
	at java.base/java.util.concurrent.ForkJoinPool$WorkQueue.topLevelExec(ForkJoinPool.java:1312)
	at java.base/java.util.concurrent.ForkJoinPool.scan(ForkJoinPool.java:1843)
	at java.base/java.util.concurrent.ForkJoinPool.runWorker(ForkJoinPool.java:1808)
	at java.base/java.util.concurrent.ForkJoinWorkerThread.run(ForkJoinWorkerThread.java:188)
[20:09:27] [Worker-Main-14/ERROR]: Failed to verify signature on property Property[name=textures, value=eyJ0ZXh0dXJlcyI6eyJTS0lOIjp7InVybCI6Imh0dHA6Ly90ZXh0dXJlcy5taW5lY3JhZnQubmV0L3RleHR1cmUvNjNmYWJjMzg5MWM5NjJjOTEzOTU5ZDY1YmU5MGRhYTVkZTEyMTFmYTQwODdkYWUzODZmZjRlZDQyNDhmIn19fQ==, signature=]
java.security.SignatureException: Bad signature length: got 0 but was expecting 512
	at java.base/sun.security.rsa.RSASignature.engineVerify(RSASignature.java:212)
	at java.base/java.security.Signature$Delegate.engineVerify(Signature.java:1422)
	at java.base/java.security.Signature.verify(Signature.java:790)
	at knot//com.mojang.authlib.yggdrasil.YggdrasilServicesKeyInfo.validateProperty(YggdrasilServicesKeyInfo.java:165)
	at knot//com.mojang.authlib.yggdrasil.YggdrasilMinecraftSessionService.lambda$getPropertySignatureState$0(YggdrasilMinecraftSessionService.java:185)
	at java.base/java.util.stream.MatchOps$1MatchSink.accept(MatchOps.java:90)
	at java.base/java.util.AbstractList$RandomAccessSpliterator.tryAdvance(AbstractList.java:708)
	at java.base/java.util.stream.ReferencePipeline.forEachWithCancel(ReferencePipeline.java:129)
	at java.base/java.util.stream.AbstractPipeline.copyIntoWithCancel(AbstractPipeline.java:527)
	at java.base/java.util.stream.AbstractPipeline.copyInto(AbstractPipeline.java:513)
	at java.base/java.util.stream.AbstractPipeline.wrapAndCopyInto(AbstractPipeline.java:499)
	at java.base/java.util.stream.MatchOps$MatchOp.evaluateSequential(MatchOps.java:230)
	at java.base/java.util.stream.MatchOps$MatchOp.evaluateSequential(MatchOps.java:196)
	at java.base/java.util.stream.AbstractPipeline.evaluate(AbstractPipeline.java:234)
	at java.base/java.util.stream.ReferencePipeline.noneMatch(ReferencePipeline.java:642)
	at knot//com.mojang.authlib.yggdrasil.YggdrasilMinecraftSessionService.getPropertySignatureState(YggdrasilMinecraftSessionService.java:185)
	at knot//com.mojang.authlib.yggdrasil.YggdrasilMinecraftSessionService.unpackTextures(YggdrasilMinecraftSessionService.java:128)
	at knot//net.minecraft.class_1071$1.method_54647(class_1071.java:60)
	at java.base/java.util.concurrent.CompletableFuture$AsyncSupply.run(CompletableFuture.java:1768)
	at java.base/java.util.concurrent.CompletableFuture$AsyncSupply.exec(CompletableFuture.java:1760)
	at java.base/java.util.concurrent.ForkJoinTask.doExec(ForkJoinTask.java:387)
	at java.base/java.util.concurrent.ForkJoinPool$WorkQueue.topLevelExec(ForkJoinPool.java:1312)
	at java.base/java.util.concurrent.ForkJoinPool.scan(ForkJoinPool.java:1843)
	at java.base/java.util.concurrent.ForkJoinPool.runWorker(ForkJoinPool.java:1808)
	at java.base/java.util.concurrent.ForkJoinWorkerThread.run(ForkJoinWorkerThread.java:188)
[20:09:27] [Worker-Main-14/WARN]: Profile contained invalid signature for textures property (profile id: 8d279603-3681-4b69-872f-643566293f08)
[20:09:27] [Worker-Main-14/ERROR]: Failed to verify signature on property Property[name=textures, value=ewogICJ0aW1lc3RhbXAiIDogMTc4ODAzNjAwMDcxMSwKICAicHJvZmlsZUlkIiA6ICJlZDhlNTAyMTM1YTM0NmU4OTA5OGVmYTVjYzU3ZDc4MSIsCiAgInByb2ZpbGVOYW1lIiA6ICJBZ2VyYSIsCiAgInNpZ25hdHVyZVJlcXVpcmVkIiA6IHRydWUsCiAgInRleHR1cmVzIiA6IHsKICAgICJTS0lOIiA6IHsKICAgICAgInVybCIgOiAiaHR0cDovL3RleHR1cmVzLm1pbmVjcmFmdC5uZXQvdGV4dHVyZS9mOGQ1MzFkNTE0YmI0YTU0YmRkM2FmMjJhZmY1OTIyMzM4MDU5MzhjNDY5NjZiOWIwOTE5YjRhZTU5MzM4ZDg2IiwKICAgICAgIm1ldGFkYXRhIiA6IHsKICAgICAgICAibW9kZWwiIDogInNsaW0iCiAgICAgIH0KICAgIH0KICB9Cn0=, signature=]
java.security.SignatureException: Bad signature length: got 0 but was expecting 512
	at java.base/sun.security.rsa.RSASignature.engineVerify(RSASignature.java:212)
	at java.base/java.security.Signature$Delegate.engineVerify(Signature.java:1422)
	at java.base/java.security.Signature.verify(Signature.java:790)
	at knot//com.mojang.authlib.yggdrasil.YggdrasilServicesKeyInfo.validateProperty(YggdrasilServicesKeyInfo.java:165)
	at knot//com.mojang.authlib.yggdrasil.YggdrasilMinecraftSessionService.lambda$getPropertySignatureState$0(YggdrasilMinecraftSessionService.java:185)
	at java.base/java.util.stream.MatchOps$1MatchSink.accept(MatchOps.java:90)
	at java.base/java.util.AbstractList$RandomAccessSpliterator.tryAdvance(AbstractList.java:708)
	at java.base/java.util.stream.ReferencePipeline.forEachWithCancel(ReferencePipeline.java:129)
	at java.base/java.util.stream.AbstractPipeline.copyIntoWithCancel(AbstractPipeline.java:527)
	at java.base/java.util.stream.AbstractPipeline.copyInto(AbstractPipeline.java:513)
	at java.base/java.util.stream.AbstractPipeline.wrapAndCopyInto(AbstractPipeline.java:499)
	at java.base/java.util.stream.MatchOps$MatchOp.evaluateSequential(MatchOps.java:230)
	at java.base/java.util.stream.MatchOps$MatchOp.evaluateSequential(MatchOps.java:196)
	at java.base/java.util.stream.AbstractPipeline.evaluate(AbstractPipeline.java:234)
	at java.base/java.util.stream.ReferencePipeline.noneMatch(ReferencePipeline.java:642)
	at knot//com.mojang.authlib.yggdrasil.YggdrasilMinecraftSessionService.getPropertySignatureState(YggdrasilMinecraftSessionService.java:185)
	at knot//com.mojang.authlib.yggdrasil.YggdrasilMinecraftSessionService.unpackTextures(YggdrasilMinecraftSessionService.java:128)
	at knot//net.minecraft.class_1071$1.method_54647(class_1071.java:60)
	at java.base/java.util.concurrent.CompletableFuture$AsyncSupply.run(CompletableFuture.java:1768)
	at java.base/java.util.concurrent.CompletableFuture$AsyncSupply.exec(CompletableFuture.java:1760)
	at java.base/java.util.concurrent.ForkJoinTask.doExec(ForkJoinTask.java:387)
	at java.base/java.util.concurrent.ForkJoinPool$WorkQueue.topLevelExec(ForkJoinPool.java:1312)
	at java.base/java.util.concurrent.ForkJoinPool.scan(ForkJoinPool.java:1843)
	at java.base/java.util.concurrent.ForkJoinPool.runWorker(ForkJoinPool.java:1808)
	at java.base/java.util.concurrent.ForkJoinWorkerThread.run(ForkJoinWorkerThread.java:188)
[20:09:27] [Worker-Main-13/ERROR]: Failed to verify signature on property Property[name=textures, value=eyJ0ZXh0dXJlcyI6eyJTS0lOIjp7InVybCI6Imh0dHA6Ly90ZXh0dXJlcy5taW5lY3JhZnQubmV0L3RleHR1cmUvOTFiZTRiNWI1OTJmZWUyMWE2NWUwZjkwMzAzOGM1MzMzYmUzODgyMzRhNDM3MzFkNGFkZmU1ZDU3ZDM2NDRlNSJ9fX0=, signature=]
java.security.SignatureException: Bad signature length: got 0 but was expecting 512
	at java.base/sun.security.rsa.RSASignature.engineVerify(RSASignature.java:212)
	at java.base/java.security.Signature$Delegate.engineVerify(Signature.java:1422)
	at java.base/java.security.Signature.verify(Signature.java:790)
	at knot//com.mojang.authlib.yggdrasil.YggdrasilServicesKeyInfo.validateProperty(YggdrasilServicesKeyInfo.java:165)
	at knot//com.mojang.authlib.yggdrasil.YggdrasilMinecraftSessionService.lambda$getPropertySignatureState$0(YggdrasilMinecraftSessionService.java:185)
	at java.base/java.util.stream.MatchOps$1MatchSink.accept(MatchOps.java:90)
	at java.base/java.util.AbstractList$RandomAccessSpliterator.tryAdvance(AbstractList.java:708)
	at java.base/java.util.stream.ReferencePipeline.forEachWithCancel(ReferencePipeline.java:129)
	at java.base/java.util.stream.AbstractPipeline.copyIntoWithCancel(AbstractPipeline.java:527)
	at java.base/java.util.stream.AbstractPipeline.copyInto(AbstractPipeline.java:513)
	at java.base/java.util.stream.AbstractPipeline.wrapAndCopyInto(AbstractPipeline.java:499)
	at java.base/java.util.stream.MatchOps$MatchOp.evaluateSequential(MatchOps.java:230)
	at java.base/java.util.stream.MatchOps$MatchOp.evaluateSequential(MatchOps.java:196)
	at java.base/java.util.stream.AbstractPipeline.evaluate(AbstractPipeline.java:234)
	at java.base/java.util.stream.ReferencePipeline.noneMatch(ReferencePipeline.java:642)
	at knot//com.mojang.authlib.yggdrasil.YggdrasilMinecraftSessionService.getPropertySignatureState(YggdrasilMinecraftSessionService.java:185)
	at knot//com.mojang.authlib.yggdrasil.YggdrasilMinecraftSessionService.unpackTextures(YggdrasilMinecraftSessionService.java:128)
	at knot//net.minecraft.class_1071$1.method_54647(class_1071.java:60)
	at java.base/java.util.concurrent.CompletableFuture$AsyncSupply.run(CompletableFuture.java:1768)
	at java.base/java.util.concurrent.CompletableFuture$AsyncSupply.exec(CompletableFuture.java:1760)
	at java.base/java.util.concurrent.ForkJoinTask.doExec(ForkJoinTask.java:387)
	at java.base/java.util.concurrent.ForkJoinPool$WorkQueue.topLevelExec(ForkJoinPool.java:1312)
	at java.base/java.util.concurrent.ForkJoinPool.scan(ForkJoinPool.java:1843)
	at java.base/java.util.concurrent.ForkJoinPool.runWorker(ForkJoinPool.java:1808)
	at java.base/java.util.concurrent.ForkJoinWorkerThread.run(ForkJoinWorkerThread.java:188)
[20:09:27] [Worker-Main-14/ERROR]: Failed to verify signature on property Property[name=textures, value=ewogICJ0aW1lc3RhbXAiIDogMTc4ODAzNjAwMDcxMSwKICAicHJvZmlsZUlkIiA6ICJlZDhlNTAyMTM1YTM0NmU4OTA5OGVmYTVjYzU3ZDc4MSIsCiAgInByb2ZpbGVOYW1lIiA6ICJBZ2VyYSIsCiAgInNpZ25hdHVyZVJlcXVpcmVkIiA6IHRydWUsCiAgInRleHR1cmVzIiA6IHsKICAgICJTS0lOIiA6IHsKICAgICAgInVybCIgOiAiaHR0cDovL3RleHR1cmVzLm1pbmVjcmFmdC5uZXQvdGV4dHVyZS9mOGQ1MzFkNTE0YmI0YTU0YmRkM2FmMjJhZmY1OTIyMzM4MDU5MzhjNDY5NjZiOWIwOTE5YjRhZTU5MzM4ZDg2IiwKICAgICAgIm1ldGFkYXRhIiA6IHsKICAgICAgICAibW9kZWwiIDogInNsaW0iCiAgICAgIH0KICAgIH0KICB9Cn0=, signature=]
java.security.SignatureException: Bad signature length: got 0 but was expecting 512
	at java.base/sun.security.rsa.RSASignature.engineVerify(RSASignature.java:212)
	at java.base/java.security.Signature$Delegate.engineVerify(Signature.java:1422)
	at java.base/java.security.Signature.verify(Signature.java:790)
	at knot//com.mojang.authlib.yggdrasil.YggdrasilServicesKeyInfo.validateProperty(YggdrasilServicesKeyInfo.java:165)
	at knot//com.mojang.authlib.yggdrasil.YggdrasilMinecraftSessionService.lambda$getPropertySignatureState$0(YggdrasilMinecraftSessionService.java:185)
	at java.base/java.util.stream.MatchOps$1MatchSink.accept(MatchOps.java:90)
	at java.base/java.util.AbstractList$RandomAccessSpliterator.tryAdvance(AbstractList.java:708)
	at java.base/java.util.stream.ReferencePipeline.forEachWithCancel(ReferencePipeline.java:129)
	at java.base/java.util.stream.AbstractPipeline.copyIntoWithCancel(AbstractPipeline.java:527)
	at java.base/java.util.stream.AbstractPipeline.copyInto(AbstractPipeline.java:513)
	at java.base/java.util.stream.AbstractPipeline.wrapAndCopyInto(AbstractPipeline.java:499)
	at java.base/java.util.stream.MatchOps$MatchOp.evaluateSequential(MatchOps.java:230)
	at java.base/java.util.stream.MatchOps$MatchOp.evaluateSequential(MatchOps.java:196)
	at java.base/java.util.stream.AbstractPipeline.evaluate(AbstractPipeline.java:234)
	at java.base/java.util.stream.ReferencePipeline.noneMatch(ReferencePipeline.java:642)
	at knot//com.mojang.authlib.yggdrasil.YggdrasilMinecraftSessionService.getPropertySignatureState(YggdrasilMinecraftSessionService.java:185)
	at knot//com.mojang.authlib.yggdrasil.YggdrasilMinecraftSessionService.unpackTextures(YggdrasilMinecraftSessionService.java:128)
	at knot//net.minecraft.class_1071$1.method_54647(class_1071.java:60)
	at java.base/java.util.concurrent.CompletableFuture$AsyncSupply.run(CompletableFuture.java:1768)
	at java.base/java.util.concurrent.CompletableFuture$AsyncSupply.exec(CompletableFuture.java:1760)
	at java.base/java.util.concurrent.ForkJoinTask.doExec(ForkJoinTask.java:387)
	at java.base/java.util.concurrent.ForkJoinPool$WorkQueue.topLevelExec(ForkJoinPool.java:1312)
	at java.base/java.util.concurrent.ForkJoinPool.scan(ForkJoinPool.java:1843)
	at java.base/java.util.concurrent.ForkJoinPool.runWorker(ForkJoinPool.java:1808)
	at java.base/java.util.concurrent.ForkJoinWorkerThread.run(ForkJoinWorkerThread.java:188)
[20:09:27] [Worker-Main-24/ERROR]: Failed to verify signature on property Property[name=textures, value=eyJ0ZXh0dXJlcyI6eyJTS0lOIjp7InVybCI6Imh0dHA6Ly90ZXh0dXJlcy5taW5lY3JhZnQubmV0L3RleHR1cmUvNzAyNTE4MWM3MDI2ZTU4M2RlNmQ4Mjk3Y2FjNWVlZThmOTdhYmEyY2M0NjM5ZWUzNmI2Yjg1ZTRjZWQ0ZjI1YyJ9fX0=, signature=]
java.security.SignatureException: Bad signature length: got 0 but was expecting 512
	at java.base/sun.security.rsa.RSASignature.engineVerify(RSASignature.java:212)
	at java.base/java.security.Signature$Delegate.engineVerify(Signature.java:1422)
	at java.base/java.security.Signature.verify(Signature.java:790)
	at knot//com.mojang.authlib.yggdrasil.YggdrasilServicesKeyInfo.validateProperty(YggdrasilServicesKeyInfo.java:165)
	at knot//com.mojang.authlib.yggdrasil.YggdrasilMinecraftSessionService.lambda$getPropertySignatureState$0(YggdrasilMinecraftSessionService.java:185)
	at java.base/java.util.stream.MatchOps$1MatchSink.accept(MatchOps.java:90)
	at java.base/java.util.AbstractList$RandomAccessSpliterator.tryAdvance(AbstractList.java:708)
	at java.base/java.util.stream.ReferencePipeline.forEachWithCancel(ReferencePipeline.java:129)
	at java.base/java.util.stream.AbstractPipeline.copyIntoWithCancel(AbstractPipeline.java:527)
	at java.base/java.util.stream.AbstractPipeline.copyInto(AbstractPipeline.java:513)
	at java.base/java.util.stream.AbstractPipeline.wrapAndCopyInto(AbstractPipeline.java:499)
	at java.base/java.util.stream.MatchOps$MatchOp.evaluateSequential(MatchOps.java:230)
	at java.base/java.util.stream.MatchOps$MatchOp.evaluateSequential(MatchOps.java:196)
	at java.base/java.util.stream.AbstractPipeline.evaluate(AbstractPipeline.java:234)
	at java.base/java.util.stream.ReferencePipeline.noneMatch(ReferencePipeline.java:642)
	at knot//com.mojang.authlib.yggdrasil.YggdrasilMinecraftSessionService.getPropertySignatureState(YggdrasilMinecraftSessionService.java:185)
	at knot//com.mojang.authlib.yggdrasil.YggdrasilMinecraftSessionService.unpackTextures(YggdrasilMinecraftSessionService.java:128)
	at knot//net.minecraft.class_1071$1.method_54647(class_1071.java:60)
	at java.base/java.util.concurrent.CompletableFuture$AsyncSupply.run(CompletableFuture.java:1768)
	at java.base/java.util.concurrent.CompletableFuture$AsyncSupply.exec(CompletableFuture.java:1760)
	at java.base/java.util.concurrent.ForkJoinTask.doExec(ForkJoinTask.java:387)
	at java.base/java.util.concurrent.ForkJoinPool$WorkQueue.topLevelExec(ForkJoinPool.java:1312)
	at java.base/java.util.concurrent.ForkJoinPool.scan(ForkJoinPool.java:1843)
	at java.base/java.util.concurrent.ForkJoinPool.runWorker(ForkJoinPool.java:1808)
	at java.base/java.util.concurrent.ForkJoinWorkerThread.run(ForkJoinWorkerThread.java:188)
[20:09:27] [Worker-Main-18/ERROR]: Failed to verify signature on property Property[name=textures, value=eyJ0ZXh0dXJlcyI6eyJTS0lOIjp7InVybCI6Imh0dHA6Ly90ZXh0dXJlcy5taW5lY3JhZnQubmV0L3RleHR1cmUvMzZmNjlmN2I3NTM4YjQxZGMzNDM5ZjM2NThhYmJkNTlmYWNjYTM2NmYxOTBiY2YxZDZkMGEwMjZjOGY5NiJ9fX0=, signature=]
java.security.SignatureException: Bad signature length: got 0 but was expecting 512
	at java.base/sun.security.rsa.RSASignature.engineVerify(RSASignature.java:212)
	at java.base/java.security.Signature$Delegate.engineVerify(Signature.java:1422)
	at java.base/java.security.Signature.verify(Signature.java:790)
	at knot//com.mojang.authlib.yggdrasil.YggdrasilServicesKeyInfo.validateProperty(YggdrasilServicesKeyInfo.java:165)
	at knot//com.mojang.authlib.yggdrasil.YggdrasilMinecraftSessionService.lambda$getPropertySignatureState$0(YggdrasilMinecraftSessionService.java:185)
	at java.base/java.util.stream.MatchOps$1MatchSink.accept(MatchOps.java:90)
	at java.base/java.util.AbstractList$RandomAccessSpliterator.tryAdvance(AbstractList.java:708)
	at java.base/java.util.stream.ReferencePipeline.forEachWithCancel(ReferencePipeline.java:129)
	at java.base/java.util.stream.AbstractPipeline.copyIntoWithCancel(AbstractPipeline.java:527)
	at java.base/java.util.stream.AbstractPipeline.copyInto(AbstractPipeline.java:513)
	at java.base/java.util.stream.AbstractPipeline.wrapAndCopyInto(AbstractPipeline.java:499)
	at java.base/java.util.stream.MatchOps$MatchOp.evaluateSequential(MatchOps.java:230)
	at java.base/java.util.stream.MatchOps$MatchOp.evaluateSequential(MatchOps.java:196)
	at java.base/java.util.stream.AbstractPipeline.evaluate(AbstractPipeline.java:234)
	at java.base/java.util.stream.ReferencePipeline.noneMatch(ReferencePipeline.java:642)
	at knot//com.mojang.authlib.yggdrasil.YggdrasilMinecraftSessionService.getPropertySignatureState(YggdrasilMinecraftSessionService.java:185)
	at knot//com.mojang.authlib.yggdrasil.YggdrasilMinecraftSessionService.unpackTextures(YggdrasilMinecraftSessionService.java:128)
	at knot//net.minecraft.class_1071$1.method_54647(class_1071.java:60)
	at java.base/java.util.concurrent.CompletableFuture$AsyncSupply.run(CompletableFuture.java:1768)
	at java.base/java.util.concurrent.CompletableFuture$AsyncSupply.exec(CompletableFuture.java:1760)
	at java.base/java.util.concurrent.ForkJoinTask.doExec(ForkJoinTask.java:387)
	at java.base/java.util.concurrent.ForkJoinPool$WorkQueue.topLevelExec(ForkJoinPool.java:1312)
	at java.base/java.util.concurrent.ForkJoinPool.scan(ForkJoinPool.java:1843)
	at java.base/java.util.concurrent.ForkJoinPool.runWorker(ForkJoinPool.java:1808)
	at java.base/java.util.concurrent.ForkJoinWorkerThread.run(ForkJoinWorkerThread.java:188)
[20:09:27] [Worker-Main-13/ERROR]: Failed to verify signature on property Property[name=textures, value=eyJ0ZXh0dXJlcyI6eyJTS0lOIjp7InVybCI6Imh0dHA6Ly90ZXh0dXJlcy5taW5lY3JhZnQubmV0L3RleHR1cmUvOTFiZTRiNWI1OTJmZWUyMWE2NWUwZjkwMzAzOGM1MzMzYmUzODgyMzRhNDM3MzFkNGFkZmU1ZDU3ZDM2NDRlNSJ9fX0=, signature=]
java.security.SignatureException: Bad signature length: got 0 but was expecting 512
	at java.base/sun.security.rsa.RSASignature.engineVerify(RSASignature.java:212)
	at java.base/java.security.Signature$Delegate.engineVerify(Signature.java:1422)
	at java.base/java.security.Signature.verify(Signature.java:790)
	at knot//com.mojang.authlib.yggdrasil.YggdrasilServicesKeyInfo.validateProperty(YggdrasilServicesKeyInfo.java:165)
	at knot//com.mojang.authlib.yggdrasil.YggdrasilMinecraftSessionService.lambda$getPropertySignatureState$0(YggdrasilMinecraftSessionService.java:185)
	at java.base/java.util.stream.MatchOps$1MatchSink.accept(MatchOps.java:90)
	at java.base/java.util.AbstractList$RandomAccessSpliterator.tryAdvance(AbstractList.java:708)
	at java.base/java.util.stream.ReferencePipeline.forEachWithCancel(ReferencePipeline.java:129)
	at java.base/java.util.stream.AbstractPipeline.copyIntoWithCancel(AbstractPipeline.java:527)
	at java.base/java.util.stream.AbstractPipeline.copyInto(AbstractPipeline.java:513)
	at java.base/java.util.stream.AbstractPipeline.wrapAndCopyInto(AbstractPipeline.java:499)
	at java.base/java.util.stream.MatchOps$MatchOp.evaluateSequential(MatchOps.java:230)
	at java.base/java.util.stream.MatchOps$MatchOp.evaluateSequential(MatchOps.java:196)
	at java.base/java.util.stream.AbstractPipeline.evaluate(AbstractPipeline.java:234)
	at java.base/java.util.stream.ReferencePipeline.noneMatch(ReferencePipeline.java:642)
	at knot//com.mojang.authlib.yggdrasil.YggdrasilMinecraftSessionService.getPropertySignatureState(YggdrasilMinecraftSessionService.java:185)
	at knot//com.mojang.authlib.yggdrasil.YggdrasilMinecraftSessionService.unpackTextures(YggdrasilMinecraftSessionService.java:128)
	at knot//net.minecraft.class_1071$1.method_54647(class_1071.java:60)
	at java.base/java.util.concurrent.CompletableFuture$AsyncSupply.run(CompletableFuture.java:1768)
	at java.base/java.util.concurrent.CompletableFuture$AsyncSupply.exec(CompletableFuture.java:1760)
	at java.base/java.util.concurrent.ForkJoinTask.doExec(ForkJoinTask.java:387)
	at java.base/java.util.concurrent.ForkJoinPool$WorkQueue.topLevelExec(ForkJoinPool.java:1312)
	at java.base/java.util.concurrent.ForkJoinPool.scan(ForkJoinPool.java:1843)
	at java.base/java.util.concurrent.ForkJoinPool.runWorker(ForkJoinPool.java:1808)
	at java.base/java.util.concurrent.ForkJoinWorkerThread.run(ForkJoinWorkerThread.java:188)
[20:09:27] [Worker-Main-25/ERROR]: Failed to verify signature on property Property[name=textures, value=eyJ0ZXh0dXJlcyI6eyJTS0lOIjp7InVybCI6Imh0dHA6Ly90ZXh0dXJlcy5taW5lY3JhZnQubmV0L3RleHR1cmUvNjNmYWJjMzg5MWM5NjJjOTEzOTU5ZDY1YmU5MGRhYTVkZTEyMTFmYTQwODdkYWUzODZmZjRlZDQyNDhmIn19fQ==, signature=]
java.security.SignatureException: Bad signature length: got 0 but was expecting 512
	at java.base/sun.security.rsa.RSASignature.engineVerify(RSASignature.java:212)
	at java.base/java.security.Signature$Delegate.engineVerify(Signature.java:1422)
	at java.base/java.security.Signature.verify(Signature.java:790)
	at knot//com.mojang.authlib.yggdrasil.YggdrasilServicesKeyInfo.validateProperty(YggdrasilServicesKeyInfo.java:165)
	at knot//com.mojang.authlib.yggdrasil.YggdrasilMinecraftSessionService.lambda$getPropertySignatureState$0(YggdrasilMinecraftSessionService.java:185)
	at java.base/java.util.stream.MatchOps$1MatchSink.accept(MatchOps.java:90)
	at java.base/java.util.AbstractList$RandomAccessSpliterator.tryAdvance(AbstractList.java:708)
	at java.base/java.util.stream.ReferencePipeline.forEachWithCancel(ReferencePipeline.java:129)
	at java.base/java.util.stream.AbstractPipeline.copyIntoWithCancel(AbstractPipeline.java:527)
	at java.base/java.util.stream.AbstractPipeline.copyInto(AbstractPipeline.java:513)
	at java.base/java.util.stream.AbstractPipeline.wrapAndCopyInto(AbstractPipeline.java:499)
	at java.base/java.util.stream.MatchOps$MatchOp.evaluateSequential(MatchOps.java:230)
	at java.base/java.util.stream.MatchOps$MatchOp.evaluateSequential(MatchOps.java:196)
	at java.base/java.util.stream.AbstractPipeline.evaluate(AbstractPipeline.java:234)
	at java.base/java.util.stream.ReferencePipeline.noneMatch(ReferencePipeline.java:642)
	at knot//com.mojang.authlib.yggdrasil.YggdrasilMinecraftSessionService.getPropertySignatureState(YggdrasilMinecraftSessionService.java:185)
	at knot//com.mojang.authlib.yggdrasil.YggdrasilMinecraftSessionService.unpackTextures(YggdrasilMinecraftSessionService.java:128)
	at knot//net.minecraft.class_1071$1.method_54647(class_1071.java:60)
	at java.base/java.util.concurrent.CompletableFuture$AsyncSupply.run(CompletableFuture.java:1768)
	at java.base/java.util.concurrent.CompletableFuture$AsyncSupply.exec(CompletableFuture.java:1760)
	at java.base/java.util.concurrent.ForkJoinTask.doExec(ForkJoinTask.java:387)
	at java.base/java.util.concurrent.ForkJoinPool$WorkQueue.topLevelExec(ForkJoinPool.java:1312)
	at java.base/java.util.concurrent.ForkJoinPool.scan(ForkJoinPool.java:1843)
	at java.base/java.util.concurrent.ForkJoinPool.runWorker(ForkJoinPool.java:1808)
	at java.base/java.util.concurrent.ForkJoinWorkerThread.run(ForkJoinWorkerThread.java:188)
[20:09:27] [Worker-Main-14/WARN]: Profile contained invalid signature for textures property (profile id: f82c271c-1642-4b78-968b-230436129af3)
[20:09:27] [Worker-Main-24/ERROR]: Failed to verify signature on property Property[name=textures, value=eyJ0ZXh0dXJlcyI6eyJTS0lOIjp7InVybCI6Imh0dHA6Ly90ZXh0dXJlcy5taW5lY3JhZnQubmV0L3RleHR1cmUvNzAyNTE4MWM3MDI2ZTU4M2RlNmQ4Mjk3Y2FjNWVlZThmOTdhYmEyY2M0NjM5ZWUzNmI2Yjg1ZTRjZWQ0ZjI1YyJ9fX0=, signature=]
java.security.SignatureException: Bad signature length: got 0 but was expecting 512
	at java.base/sun.security.rsa.RSASignature.engineVerify(RSASignature.java:212)
	at java.base/java.security.Signature$Delegate.engineVerify(Signature.java:1422)
	at java.base/java.security.Signature.verify(Signature.java:790)
	at knot//com.mojang.authlib.yggdrasil.YggdrasilServicesKeyInfo.validateProperty(YggdrasilServicesKeyInfo.java:165)
	at knot//com.mojang.authlib.yggdrasil.YggdrasilMinecraftSessionService.lambda$getPropertySignatureState$0(YggdrasilMinecraftSessionService.java:185)
	at java.base/java.util.stream.MatchOps$1MatchSink.accept(MatchOps.java:90)
	at java.base/java.util.AbstractList$RandomAccessSpliterator.tryAdvance(AbstractList.java:708)
	at java.base/java.util.stream.ReferencePipeline.forEachWithCancel(ReferencePipeline.java:129)
	at java.base/java.util.stream.AbstractPipeline.copyIntoWithCancel(AbstractPipeline.java:527)
	at java.base/java.util.stream.AbstractPipeline.copyInto(AbstractPipeline.java:513)
	at java.base/java.util.stream.AbstractPipeline.wrapAndCopyInto(AbstractPipeline.java:499)
	at java.base/java.util.stream.MatchOps$MatchOp.evaluateSequential(MatchOps.java:230)
	at java.base/java.util.stream.MatchOps$MatchOp.evaluateSequential(MatchOps.java:196)
	at java.base/java.util.stream.AbstractPipeline.evaluate(AbstractPipeline.java:234)
	at java.base/java.util.stream.ReferencePipeline.noneMatch(ReferencePipeline.java:642)
	at knot//com.mojang.authlib.yggdrasil.YggdrasilMinecraftSessionService.getPropertySignatureState(YggdrasilMinecraftSessionService.java:185)
	at knot//com.mojang.authlib.yggdrasil.YggdrasilMinecraftSessionService.unpackTextures(YggdrasilMinecraftSessionService.java:128)
	at knot//net.minecraft.class_1071$1.method_54647(class_1071.java:60)
	at java.base/java.util.concurrent.CompletableFuture$AsyncSupply.run(CompletableFuture.java:1768)
	at java.base/java.util.concurrent.CompletableFuture$AsyncSupply.exec(CompletableFuture.java:1760)
	at java.base/java.util.concurrent.ForkJoinTask.doExec(ForkJoinTask.java:387)
	at java.base/java.util.concurrent.ForkJoinPool$WorkQueue.topLevelExec(ForkJoinPool.java:1312)
	at java.base/java.util.concurrent.ForkJoinPool.scan(ForkJoinPool.java:1843)
	at java.base/java.util.concurrent.ForkJoinPool.runWorker(ForkJoinPool.java:1808)
	at java.base/java.util.concurrent.ForkJoinWorkerThread.run(ForkJoinWorkerThread.java:188)
[20:09:27] [Worker-Main-13/WARN]: Profile contained invalid signature for textures property (profile id: 8c1ebf70-97ca-4b19-b253-54bc4fb13b77)
[20:09:27] [Worker-Main-25/ERROR]: Failed to verify signature on property Property[name=textures, value=eyJ0ZXh0dXJlcyI6eyJTS0lOIjp7InVybCI6Imh0dHA6Ly90ZXh0dXJlcy5taW5lY3JhZnQubmV0L3RleHR1cmUvNjNmYWJjMzg5MWM5NjJjOTEzOTU5ZDY1YmU5MGRhYTVkZTEyMTFmYTQwODdkYWUzODZmZjRlZDQyNDhmIn19fQ==, signature=]
java.security.SignatureException: Bad signature length: got 0 but was expecting 512
	at java.base/sun.security.rsa.RSASignature.engineVerify(RSASignature.java:212)
	at java.base/java.security.Signature$Delegate.engineVerify(Signature.java:1422)
	at java.base/java.security.Signature.verify(Signature.java:790)
	at knot//com.mojang.authlib.yggdrasil.YggdrasilServicesKeyInfo.validateProperty(YggdrasilServicesKeyInfo.java:165)
	at knot//com.mojang.authlib.yggdrasil.YggdrasilMinecraftSessionService.lambda$getPropertySignatureState$0(YggdrasilMinecraftSessionService.java:185)
	at java.base/java.util.stream.MatchOps$1MatchSink.accept(MatchOps.java:90)
	at java.base/java.util.AbstractList$RandomAccessSpliterator.tryAdvance(AbstractList.java:708)
	at java.base/java.util.stream.ReferencePipeline.forEachWithCancel(ReferencePipeline.java:129)
	at java.base/java.util.stream.AbstractPipeline.copyIntoWithCancel(AbstractPipeline.java:527)
	at java.base/java.util.stream.AbstractPipeline.copyInto(AbstractPipeline.java:513)
	at java.base/java.util.stream.AbstractPipeline.wrapAndCopyInto(AbstractPipeline.java:499)
	at java.base/java.util.stream.MatchOps$MatchOp.evaluateSequential(MatchOps.java:230)
	at java.base/java.util.stream.MatchOps$MatchOp.evaluateSequential(MatchOps.java:196)
	at java.base/java.util.stream.AbstractPipeline.evaluate(AbstractPipeline.java:234)
	at java.base/java.util.stream.ReferencePipeline.noneMatch(ReferencePipeline.java:642)
	at knot//com.mojang.authlib.yggdrasil.YggdrasilMinecraftSessionService.getPropertySignatureState(YggdrasilMinecraftSessionService.java:185)
	at knot//com.mojang.authlib.yggdrasil.YggdrasilMinecraftSessionService.unpackTextures(YggdrasilMinecraftSessionService.java:128)
	at knot//net.minecraft.class_1071$1.method_54647(class_1071.java:60)
	at java.base/java.util.concurrent.CompletableFuture$AsyncSupply.run(CompletableFuture.java:1768)
	at java.base/java.util.concurrent.CompletableFuture$AsyncSupply.exec(CompletableFuture.java:1760)
	at java.base/java.util.concurrent.ForkJoinTask.doExec(ForkJoinTask.java:387)
	at java.base/java.util.concurrent.ForkJoinPool$WorkQueue.topLevelExec(ForkJoinPool.java:1312)
	at java.base/java.util.concurrent.ForkJoinPool.scan(ForkJoinPool.java:1843)
	at java.base/java.util.concurrent.ForkJoinPool.runWorker(ForkJoinPool.java:1808)
	at java.base/java.util.concurrent.ForkJoinWorkerThread.run(ForkJoinWorkerThread.java:188)
[20:09:27] [Worker-Main-18/ERROR]: Failed to verify signature on property Property[name=textures, value=eyJ0ZXh0dXJlcyI6eyJTS0lOIjp7InVybCI6Imh0dHA6Ly90ZXh0dXJlcy5taW5lY3JhZnQubmV0L3RleHR1cmUvMzZmNjlmN2I3NTM4YjQxZGMzNDM5ZjM2NThhYmJkNTlmYWNjYTM2NmYxOTBiY2YxZDZkMGEwMjZjOGY5NiJ9fX0=, signature=]
java.security.SignatureException: Bad signature length: got 0 but was expecting 512
	at java.base/sun.security.rsa.RSASignature.engineVerify(RSASignature.java:212)
	at java.base/java.security.Signature$Delegate.engineVerify(Signature.java:1422)
	at java.base/java.security.Signature.verify(Signature.java:790)
	at knot//com.mojang.authlib.yggdrasil.YggdrasilServicesKeyInfo.validateProperty(YggdrasilServicesKeyInfo.java:165)
	at knot//com.mojang.authlib.yggdrasil.YggdrasilMinecraftSessionService.lambda$getPropertySignatureState$0(YggdrasilMinecraftSessionService.java:185)
	at java.base/java.util.stream.MatchOps$1MatchSink.accept(MatchOps.java:90)
	at java.base/java.util.AbstractList$RandomAccessSpliterator.tryAdvance(AbstractList.java:708)
	at java.base/java.util.stream.ReferencePipeline.forEachWithCancel(ReferencePipeline.java:129)
	at java.base/java.util.stream.AbstractPipeline.copyIntoWithCancel(AbstractPipeline.java:527)
	at java.base/java.util.stream.AbstractPipeline.copyInto(AbstractPipeline.java:513)
	at java.base/java.util.stream.AbstractPipeline.wrapAndCopyInto(AbstractPipeline.java:499)
	at java.base/java.util.stream.MatchOps$MatchOp.evaluateSequential(MatchOps.java:230)
	at java.base/java.util.stream.MatchOps$MatchOp.evaluateSequential(MatchOps.java:196)
	at java.base/java.util.stream.AbstractPipeline.evaluate(AbstractPipeline.java:234)
	at java.base/java.util.stream.ReferencePipeline.noneMatch(ReferencePipeline.java:642)
	at knot//com.mojang.authlib.yggdrasil.YggdrasilMinecraftSessionService.getPropertySignatureState(YggdrasilMinecraftSessionService.java:185)
	at knot//com.mojang.authlib.yggdrasil.YggdrasilMinecraftSessionService.unpackTextures(YggdrasilMinecraftSessionService.java:128)
	at knot//net.minecraft.class_1071$1.method_54647(class_1071.java:60)
	at java.base/java.util.concurrent.CompletableFuture$AsyncSupply.run(CompletableFuture.java:1768)
	at java.base/java.util.concurrent.CompletableFuture$AsyncSupply.exec(CompletableFuture.java:1760)
	at java.base/java.util.concurrent.ForkJoinTask.doExec(ForkJoinTask.java:387)
	at java.base/java.util.concurrent.ForkJoinPool$WorkQueue.topLevelExec(ForkJoinPool.java:1312)
	at java.base/java.util.concurrent.ForkJoinPool.scan(ForkJoinPool.java:1843)
	at java.base/java.util.concurrent.ForkJoinPool.runWorker(ForkJoinPool.java:1808)
	at java.base/java.util.concurrent.ForkJoinWorkerThread.run(ForkJoinWorkerThread.java:188)
[20:09:27] [Worker-Main-18/WARN]: Profile contained invalid signature for textures property (profile id: 59e49190-914a-400a-8600-df84fb3aaf1e)
[20:09:27] [Worker-Main-24/WARN]: Profile contained invalid signature for textures property (profile id: def383c5-e505-4b39-89c0-63c338bb2aee)
[20:09:27] [Worker-Main-25/WARN]: Profile contained invalid signature for textures property (profile id: 6cfd6e75-43c9-4bd2-bf97-38c5bbb63207)
[20:09:28] [Worker-Main-25/ERROR]: Failed to verify signature on property Property[name=textures, value=eyJ0ZXh0dXJlcyI6eyJTS0lOIjp7InVybCI6Imh0dHA6Ly90ZXh0dXJlcy5taW5lY3JhZnQubmV0L3RleHR1cmUvNjNmYWJjMzg5MWM5NjJjOTEzOTU5ZDY1YmU5MGRhYTVkZTEyMTFmYTQwODdkYWUzODZmZjRlZDQyNDhmIn19fQ==, signature=]
java.security.SignatureException: Bad signature length: got 0 but was expecting 512
	at java.base/sun.security.rsa.RSASignature.engineVerify(RSASignature.java:212)
	at java.base/java.security.Signature$Delegate.engineVerify(Signature.java:1422)
	at java.base/java.security.Signature.verify(Signature.java:790)
	at knot//com.mojang.authlib.yggdrasil.YggdrasilServicesKeyInfo.validateProperty(YggdrasilServicesKeyInfo.java:165)
	at knot//com.mojang.authlib.yggdrasil.YggdrasilMinecraftSessionService.lambda$getPropertySignatureState$0(YggdrasilMinecraftSessionService.java:185)
	at java.base/java.util.stream.MatchOps$1MatchSink.accept(MatchOps.java:90)
	at java.base/java.util.AbstractList$RandomAccessSpliterator.tryAdvance(AbstractList.java:708)
	at java.base/java.util.stream.ReferencePipeline.forEachWithCancel(ReferencePipeline.java:129)
	at java.base/java.util.stream.AbstractPipeline.copyIntoWithCancel(AbstractPipeline.java:527)
	at java.base/java.util.stream.AbstractPipeline.copyInto(AbstractPipeline.java:513)
	at java.base/java.util.stream.AbstractPipeline.wrapAndCopyInto(AbstractPipeline.java:499)
	at java.base/java.util.stream.MatchOps$MatchOp.evaluateSequential(MatchOps.java:230)
	at java.base/java.util.stream.MatchOps$MatchOp.evaluateSequential(MatchOps.java:196)
	at java.base/java.util.stream.AbstractPipeline.evaluate(AbstractPipeline.java:234)
	at java.base/java.util.stream.ReferencePipeline.noneMatch(ReferencePipeline.java:642)
	at knot//com.mojang.authlib.yggdrasil.YggdrasilMinecraftSessionService.getPropertySignatureState(YggdrasilMinecraftSessionService.java:185)
	at knot//com.mojang.authlib.yggdrasil.YggdrasilMinecraftSessionService.unpackTextures(YggdrasilMinecraftSessionService.java:128)
	at knot//net.minecraft.class_1071$1.method_54647(class_1071.java:60)
	at java.base/java.util.concurrent.CompletableFuture$AsyncSupply.run(CompletableFuture.java:1768)
	at java.base/java.util.concurrent.CompletableFuture$AsyncSupply.exec(CompletableFuture.java:1760)
	at java.base/java.util.concurrent.ForkJoinTask.doExec(ForkJoinTask.java:387)
	at java.base/java.util.concurrent.ForkJoinPool$WorkQueue.topLevelExec(ForkJoinPool.java:1312)
	at java.base/java.util.concurrent.ForkJoinPool.scan(ForkJoinPool.java:1843)
	at java.base/java.util.concurrent.ForkJoinPool.runWorker(ForkJoinPool.java:1808)
	at java.base/java.util.concurrent.ForkJoinWorkerThread.run(ForkJoinWorkerThread.java:188)
[20:09:28] [Worker-Main-25/ERROR]: Failed to verify signature on property Property[name=textures, value=eyJ0ZXh0dXJlcyI6eyJTS0lOIjp7InVybCI6Imh0dHA6Ly90ZXh0dXJlcy5taW5lY3JhZnQubmV0L3RleHR1cmUvNjNmYWJjMzg5MWM5NjJjOTEzOTU5ZDY1YmU5MGRhYTVkZTEyMTFmYTQwODdkYWUzODZmZjRlZDQyNDhmIn19fQ==, signature=]
java.security.SignatureException: Bad signature length: got 0 but was expecting 512
	at java.base/sun.security.rsa.RSASignature.engineVerify(RSASignature.java:212)
	at java.base/java.security.Signature$Delegate.engineVerify(Signature.java:1422)
	at java.base/java.security.Signature.verify(Signature.java:790)
	at knot//com.mojang.authlib.yggdrasil.YggdrasilServicesKeyInfo.validateProperty(YggdrasilServicesKeyInfo.java:165)
	at knot//com.mojang.authlib.yggdrasil.YggdrasilMinecraftSessionService.lambda$getPropertySignatureState$0(YggdrasilMinecraftSessionService.java:185)
	at java.base/java.util.stream.MatchOps$1MatchSink.accept(MatchOps.java:90)
	at java.base/java.util.AbstractList$RandomAccessSpliterator.tryAdvance(AbstractList.java:708)
	at java.base/java.util.stream.ReferencePipeline.forEachWithCancel(ReferencePipeline.java:129)
	at java.base/java.util.stream.AbstractPipeline.copyIntoWithCancel(AbstractPipeline.java:527)
	at java.base/java.util.stream.AbstractPipeline.copyInto(AbstractPipeline.java:513)
	at java.base/java.util.stream.AbstractPipeline.wrapAndCopyInto(AbstractPipeline.java:499)
	at java.base/java.util.stream.MatchOps$MatchOp.evaluateSequential(MatchOps.java:230)
	at java.base/java.util.stream.MatchOps$MatchOp.evaluateSequential(MatchOps.java:196)
	at java.base/java.util.stream.AbstractPipeline.evaluate(AbstractPipeline.java:234)
	at java.base/java.util.stream.ReferencePipeline.noneMatch(ReferencePipeline.java:642)
	at knot//com.mojang.authlib.yggdrasil.YggdrasilMinecraftSessionService.getPropertySignatureState(YggdrasilMinecraftSessionService.java:185)
	at knot//com.mojang.authlib.yggdrasil.YggdrasilMinecraftSessionService.unpackTextures(YggdrasilMinecraftSessionService.java:128)
	at knot//net.minecraft.class_1071$1.method_54647(class_1071.java:60)
	at java.base/java.util.concurrent.CompletableFuture$AsyncSupply.run(CompletableFuture.java:1768)
	at java.base/java.util.concurrent.CompletableFuture$AsyncSupply.exec(CompletableFuture.java:1760)
	at java.base/java.util.concurrent.ForkJoinTask.doExec(ForkJoinTask.java:387)
	at java.base/java.util.concurrent.ForkJoinPool$WorkQueue.topLevelExec(ForkJoinPool.java:1312)
	at java.base/java.util.concurrent.ForkJoinPool.scan(ForkJoinPool.java:1843)
	at java.base/java.util.concurrent.ForkJoinPool.runWorker(ForkJoinPool.java:1808)
	at java.base/java.util.concurrent.ForkJoinWorkerThread.run(ForkJoinWorkerThread.java:188)
[20:09:28] [Worker-Main-25/WARN]: Profile contained invalid signature for textures property (profile id: 81aa9796-6cc1-4d42-9f6b-9039fec76f7f)
[20:09:28] [Render thread/INFO]: Stopping worker threads
[20:09:29] [Render thread/INFO]: Started 6 worker threads
[20:09:29] [Render thread/INFO]: [voicechat] Disconnecting from previous connection due to server change
[20:09:29] [Render thread/INFO]: [voicechat] Clearing audio channels
[20:09:29] [Render thread/INFO]: [voicechat] Sending secret request to the server
[20:09:29] [Render thread/INFO]: [voicechat] Received secret
[20:09:29] [Render thread/INFO]: [voicechat] Connecting to voice chat server: 'gw.voice.agerapvp.club:30005'
[20:09:29] [VoiceChatAuthenticationThread/INFO]: [voicechat] Trying to authenticate voice chat connection
[20:09:29] [Render thread/INFO]: [System] [CHAT] [+] Kwvanty присоединился к игре (1/2)
[20:09:29] [Render thread/INFO]: [System] [CHAT] [+] Backmounta присоединился к игре (2/2)
[20:09:29] [Render thread/INFO]: [System] [CHAT] Игра начинается через 5 секунд!
[20:09:30] [VoiceChatAuthenticationThread/INFO]: [voicechat] Trying to authenticate voice chat connection
[20:09:31] [VoiceChatAuthenticationThread/INFO]: [voicechat] Trying to authenticate voice chat connection
[20:09:31] [Render thread/INFO]: [System] [CHAT] Игра начинается через 3 секунд!
[20:09:32] [VoiceChatAuthenticationThread/INFO]: [voicechat] Trying to authenticate voice chat connection
[20:09:32] [Render thread/INFO]: [System] [CHAT] Игра начинается через 2 секунд!
[20:09:33] [VoiceChatAuthenticationThread/INFO]: [voicechat] Trying to authenticate voice chat connection
[20:09:33] [Render thread/INFO]: [System] [CHAT] Игра начинается через 1 секунду!
[20:09:34] [VoiceChatAuthenticationThread/INFO]: [voicechat] Trying to authenticate voice chat connection
[20:09:34] [Render thread/INFO]: [System] [CHAT] 
[20:09:34] [Render thread/INFO]: [System] [CHAT]                              Дуэль (режим UHC)
[20:09:34] [Render thread/INFO]: [System] [CHAT] 
[20:09:34] [Render thread/INFO]: [System] [CHAT]                                Ваша задача:
[20:09:34] [Render thread/INFO]: [System] [CHAT]                        Уничтожить своих противников
[20:09:34] [Render thread/INFO]: [System] [CHAT] 
[20:09:34] [Render thread/INFO]: [System] [CHAT]                          Ваш противник: Backmounta
[20:09:34] [Render thread/INFO]: [System] [CHAT] 
[20:09:34] [Render thread/INFO]: [System] [CHAT] 
[20:09:34] [Render thread/INFO]: [System] [CHAT] Игра закончится через 35 минут
[20:09:34] [Render thread/INFO]: [System] [CHAT] ! Ваша статистика не будет затронута в течение этой игры.
[20:09:35] [VoiceChatAuthenticationThread/INFO]: [voicechat] Trying to authenticate voice chat connection
[20:09:36] [VoiceChatAuthenticationThread/INFO]: [voicechat] Trying to authenticate voice chat connection
[20:09:37] [VoiceChatAuthenticationThread/INFO]: [voicechat] Trying to authenticate voice chat connection
[20:09:38] [VoiceChatAuthenticationThread/INFO]: [voicechat] Trying to authenticate voice chat connection
[20:09:39] [VoiceChatAuthenticationThread/WARN]: [voicechat] Trying to authenticate voice chat connection (this message will not be logged again)
[20:09:44] [VoiceChatConnectionThread/INFO]: [voicechat] Server acknowledged authentication
[20:09:45] [VoiceChatAuthenticationThread/INFO]: [voicechat] Trying to validate voice chat connection
[20:09:45] [VoiceChatConnectionThread/INFO]: [voicechat] Server acknowledged connection check
[20:09:58] [Render thread/INFO]: [voicechat] Clearing audio channels
[20:09:58] [Render thread/INFO]: [voicechat] Stopping microphone thread
[20:09:58] [Render thread/INFO]: [voicechat] Disconnecting voicechat
[20:09:58] [Render thread/INFO]: Stopping worker threads
[20:11:39] [Render thread/INFO]: Connecting to mc.agerapvp.club, 25565
[20:11:39] [Download-36/ERROR]: Failed to retrieve profile key pair
com.mojang.authlib.exceptions.MinecraftClientHttpException: Status: 401
	at knot//com.mojang.authlib.minecraft.client.MinecraftClient.readInputStream(MinecraftClient.java:103)
	at knot//com.mojang.authlib.minecraft.client.MinecraftClient.post(MinecraftClient.java:64)
	at knot//com.mojang.authlib.yggdrasil.YggdrasilUserApiService.getKeyPair(YggdrasilUserApiService.java:61)
	at knot//net.minecraft.class_7434.method_43605(class_7434.java:128)
	at knot//net.minecraft.class_7434.method_44291(class_7434.java:77)
	at java.base/java.util.concurrent.CompletableFuture$AsyncSupply.run(CompletableFuture.java:1768)
	at java.base/java.util.concurrent.ThreadPoolExecutor.runWorker(ThreadPoolExecutor.java:1144)
	at java.base/java.util.concurrent.ThreadPoolExecutor$Worker.run(ThreadPoolExecutor.java:642)
	at java.base/java.lang.Thread.run(Thread.java:1583)
[20:11:43] [Render thread/INFO]: Started 6 worker threads
[20:11:43] [Render thread/INFO]: [voicechat] Sending secret request to the server
[20:11:43] [Render thread/WARN]: Ignoring player info update for unknown player 61a4dba4-50eb-3707-bbed-88ffcf53a986 ([UPDATE_GAME_MODE])
[20:11:43] [Render thread/INFO]: Stopping worker threads
[20:11:43] [Render thread/INFO]: Started 6 worker threads
[20:11:59] [Render thread/INFO]: [System] [CHAT] §8§m-------------------------------------------\n§bТы не привязал свой Discord-аккаунт!\n§fСделай это, чтобы на нашем Discord-сервере\n§fпоказывалась §bроль§f, соответствующая §bтвоему рангу§f!\n§e\n§3§nЧто нужно сделать:\n§b1. §fЗайди на наш сервер: §bhttps://a4x.cx/ageradiscord\n§b2. §fПосмотри канал §b#привязка §fи следуй инструкции.\n§8§m-------------------------------------------
[20:11:59] [Render thread/INFO]: [System] [CHAT] \n §3§lRUBIUM Hamster3533 §fпредлагает поиграть в §bModern Duels SWORD\n §7Приглашение отправлено всем игрокам. Успейте зайти!\n\n §7[ПОДКЛЮЧИТЬСЯ К ИГРЕ]\n\n
[20:11:59] [Render thread/WARN]: Ignoring player info update for unknown player 117bc2c2-45aa-3530-ae02-9ff87f45efde ([UPDATE_GAME_MODE])
[20:11:59] [Render thread/WARN]: Ignoring player info update for unknown player a43c84db-f64c-3c06-a976-6d212828f405 ([UPDATE_GAME_MODE])
[20:11:59] [Render thread/WARN]: Ignoring player info update for unknown player 43e298f2-dad5-3430-9985-34b9444f0051 ([UPDATE_GAME_MODE])
[20:11:59] [Render thread/WARN]: Ignoring player info update for unknown player b182b169-6fcc-3ed7-96a2-1e2739242099 ([UPDATE_GAME_MODE])
[20:11:59] [Render thread/WARN]: Ignoring player info update for unknown player 93dfd3ca-2daf-3b11-8f72-b5a9fc05f5db ([UPDATE_GAME_MODE])
[20:11:59] [Render thread/WARN]: Ignoring player info update for unknown player 81cd2b3c-23ef-3d91-96d7-18390adc6d60 ([UPDATE_GAME_MODE])
[20:11:59] [Render thread/WARN]: Ignoring player info update for unknown player b7acbd31-ac45-3666-a09b-d6772548bdc2 ([UPDATE_GAME_MODE])
[20:12:07] [Netty NIO IO #11/WARN]: COM exception: Invalid Class Win32_PerfRawData_PerfOS_PagingFile
[20:12:07] [Netty NIO IO #11/ERROR]: Negative index in crash report handler (17/22)
[20:12:07] [Render thread/INFO]: [voicechat] Clearing audio channels
[20:12:07] [Render thread/INFO]: [FANCYMENU] ScreenCustomizationLayer registered: disconnected_screen
[20:12:07] [Render thread/INFO]: Stopping worker threads
[20:12:07] [Render thread/WARN]: Client disconnected with reason: Internal Exception: java.net.SocketException: Connection reset
[20:13:41] [Render thread/INFO]: Connecting to mc.agerapvp.club, 25565
[20:13:41] [Download-39/ERROR]: Failed to retrieve profile key pair
com.mojang.authlib.exceptions.MinecraftClientHttpException: Status: 401
	at knot//com.mojang.authlib.minecraft.client.MinecraftClient.readInputStream(MinecraftClient.java:103)
	at knot//com.mojang.authlib.minecraft.client.MinecraftClient.post(MinecraftClient.java:64)
	at knot//com.mojang.authlib.yggdrasil.YggdrasilUserApiService.getKeyPair(YggdrasilUserApiService.java:61)
	at knot//net.minecraft.class_7434.method_43605(class_7434.java:128)
	at knot//net.minecraft.class_7434.method_44291(class_7434.java:77)
	at java.base/java.util.concurrent.CompletableFuture$AsyncSupply.run(CompletableFuture.java:1768)
	at java.base/java.util.concurrent.ThreadPoolExecutor.runWorker(ThreadPoolExecutor.java:1144)
	at java.base/java.util.concurrent.ThreadPoolExecutor$Worker.run(ThreadPoolExecutor.java:642)
	at java.base/java.lang.Thread.run(Thread.java:1583)
[20:13:43] [Render thread/INFO]: Started 6 worker threads
[20:13:43] [Render thread/INFO]: [voicechat] Sending secret request to the server
[20:13:43] [Render thread/WARN]: Ignoring player info update for unknown player 5add8bb9-faa3-3c14-9c3e-0bd24c2383e9 ([UPDATE_GAME_MODE])
[20:13:43] [Render thread/WARN]: Ignoring player info update for unknown player a0e808af-1e29-38bd-9906-ac30a362b227 ([UPDATE_GAME_MODE])
[20:13:48] [Render thread/INFO]: [System] [CHAT] §8§m-------------------------------------------\n§bТы не привязал свой Discord-аккаунт!\n§fСделай это, чтобы на нашем Discord-сервере\n§fпоказывалась §bроль§f, соответствующая §bтвоему рангу§f!\n§e\n§3§nЧто нужно сделать:\n§b1. §fЗайди на наш сервер: §bhttps://a4x.cx/ageradiscord\n§b2. §fПосмотри канал §b#привязка §fи следуй инструкции.\n§8§m-------------------------------------------
[20:13:50] [Render thread/WARN]: Ignoring player info update for unknown player 56722a41-d286-3d6b-9cd2-256ffcc46acc ([UPDATE_GAME_MODE])
[20:13:56] [Render thread/WARN]: Requested creation of existing team 'ZNPC/229'
[20:13:56] [Render thread/WARN]: Ignoring player info update for unknown player 8a7ee219-e437-3d51-89e8-bc60b7117578 ([UPDATE_GAME_MODE])
[20:13:59] [Render thread/WARN]: Ignoring player info update for unknown player 37ce3b43-462c-3635-ada8-8a0d16b6d60d ([UPDATE_GAME_MODE])
[20:14:02] [Render thread/INFO]: [System] [CHAT] \n §fПривилегия §4§lRUBIUM §f— открой доступ к §4уникальным §fвозможностям!\n §fМеняй §4цвет своего префикса §fна любой желаемый,\n §fсоздавай §4приватные игры §fи многое другое!§f\n\n §7[Перейти в магазин]\n\n
[20:14:03] [Render thread/WARN]: Ignoring player info update for unknown player 795a12ac-ac82-3db8-824b-87bd7d394ccf ([UPDATE_GAME_MODE])
[20:14:03] [Render thread/WARN]: Ignoring player info update for unknown player b58cf506-f446-3340-b442-d5e3890e532c ([UPDATE_GAME_MODE])
[20:14:06] [Render thread/INFO]: [FANCYMENU] ScreenCustomizationLayer registered: de.maxhenkel.voicechat.gui.VoiceChatSettingsScreen
[20:14:18] [Render thread/WARN]: Ignoring player info update for unknown player f8e5df4d-7be1-33f1-971e-f9907c199507 ([UPDATE_GAME_MODE])
[20:14:18] [Render thread/WARN]: Ignoring player info update for unknown player a4c5dff9-41a7-378d-979c-55dd696f776e ([UPDATE_GAME_MODE])
[20:14:18] [Render thread/WARN]: Ignoring player info update for unknown player 05391b68-e668-3073-975a-aa984701ba2f ([UPDATE_GAME_MODE])
[20:14:18] [Render thread/WARN]: Ignoring player info update for unknown player a56c9783-1166-3f86-bc6a-ad20832d7ad8 ([UPDATE_GAME_MODE])
[20:14:19] [Render thread/WARN]: Ignoring player info update for unknown player 50accab8-dd8b-33cf-9bd4-17832d4d55dd ([UPDATE_GAME_MODE])
[20:14:20] [Render thread/WARN]: Requested creation of existing team 'ZNPC/228'
[20:14:20] [Render thread/WARN]: Requested creation of existing team 'ZNPC/229'
[20:14:20] [Render thread/WARN]: Requested creation of existing team 'ZNPC/14'
[20:14:20] [Render thread/WARN]: Requested creation of existing team 'ZNPC/25'
[20:14:20] [Render thread/WARN]: Requested creation of existing team 'ZNPC/53'
[20:14:20] [Render thread/INFO]: [System] [CHAT] §7Connecting...
[20:14:20] [Render thread/INFO]: Stopping worker threads
[20:14:20] [Render thread/INFO]: Started 6 worker threads
[20:14:20] [Render thread/INFO]: [voicechat] Disconnecting from previous connection due to server change
[20:14:20] [Render thread/INFO]: [voicechat] Clearing audio channels
[20:14:20] [Render thread/INFO]: [voicechat] Sending secret request to the server
[20:14:20] [Render thread/INFO]: Stopping worker threads
[20:14:20] [Render thread/INFO]: Started 6 worker threads
[20:14:20] [Render thread/INFO]: [System] [CHAT] §f\n§fВам доступно §b12 §fзаданий для выполнения. \n§fЧтобы открыть меню с заданиями, введите команду §b/quests\n§f
[20:14:21] [Worker-Main-13/ERROR]: Failed to verify signature on property Property[name=textures, value=ewogICJ0aW1lc3RhbXAiIDogMTc4ODAzNjAwMDcxMSwKICAicHJvZmlsZUlkIiA6ICJlZDhlNTAyMTM1YTM0NmU4OTA5OGVmYTVjYzU3ZDc4MSIsCiAgInByb2ZpbGVOYW1lIiA6ICJBZ2VyYSIsCiAgInNpZ25hdHVyZVJlcXVpcmVkIiA6IHRydWUsCiAgInRleHR1cmVzIiA6IHsKICAgICJTS0lOIiA6IHsKICAgICAgInVybCIgOiAiaHR0cDovL3RleHR1cmVzLm1pbmVjcmFmdC5uZXQvdGV4dHVyZS9mOGQ1MzFkNTE0YmI0YTU0YmRkM2FmMjJhZmY1OTIyMzM4MDU5MzhjNDY5NjZiOWIwOTE5YjRhZTU5MzM4ZDg2IiwKICAgICAgIm1ldGFkYXRhIiA6IHsKICAgICAgICAibW9kZWwiIDogInNsaW0iCiAgICAgIH0KICAgIH0KICB9Cn0=, signature=]
java.security.SignatureException: Bad signature length: got 0 but was expecting 512
	at java.base/sun.security.rsa.RSASignature.engineVerify(RSASignature.java:212)
	at java.base/java.security.Signature$Delegate.engineVerify(Signature.java:1422)
	at java.base/java.security.Signature.verify(Signature.java:790)
	at knot//com.mojang.authlib.yggdrasil.YggdrasilServicesKeyInfo.validateProperty(YggdrasilServicesKeyInfo.java:165)
	at knot//com.mojang.authlib.yggdrasil.YggdrasilMinecraftSessionService.lambda$getPropertySignatureState$0(YggdrasilMinecraftSessionService.java:185)
	at java.base/java.util.stream.MatchOps$1MatchSink.accept(MatchOps.java:90)
	at java.base/java.util.AbstractList$RandomAccessSpliterator.tryAdvance(AbstractList.java:708)
	at java.base/java.util.stream.ReferencePipeline.forEachWithCancel(ReferencePipeline.java:129)
	at java.base/java.util.stream.AbstractPipeline.copyIntoWithCancel(AbstractPipeline.java:527)
	at java.base/java.util.stream.AbstractPipeline.copyInto(AbstractPipeline.java:513)
	at java.base/java.util.stream.AbstractPipeline.wrapAndCopyInto(AbstractPipeline.java:499)
	at java.base/java.util.stream.MatchOps$MatchOp.evaluateSequential(MatchOps.java:230)
	at java.base/java.util.stream.MatchOps$MatchOp.evaluateSequential(MatchOps.java:196)
	at java.base/java.util.stream.AbstractPipeline.evaluate(AbstractPipeline.java:234)
	at java.base/java.util.stream.ReferencePipeline.noneMatch(ReferencePipeline.java:642)
	at knot//com.mojang.authlib.yggdrasil.YggdrasilMinecraftSessionService.getPropertySignatureState(YggdrasilMinecraftSessionService.java:185)
	at knot//com.mojang.authlib.yggdrasil.YggdrasilMinecraftSessionService.unpackTextures(YggdrasilMinecraftSessionService.java:128)
	at knot//net.minecraft.class_1071$1.method_54647(class_1071.java:60)
	at java.base/java.util.concurrent.CompletableFuture$AsyncSupply.run(CompletableFuture.java:1768)
	at java.base/java.util.concurrent.CompletableFuture$AsyncSupply.exec(CompletableFuture.java:1760)
	at java.base/java.util.concurrent.ForkJoinTask.doExec(ForkJoinTask.java:387)
	at java.base/java.util.concurrent.ForkJoinPool$WorkQueue.topLevelExec(ForkJoinPool.java:1312)
	at java.base/java.util.concurrent.ForkJoinPool.scan(ForkJoinPool.java:1843)
	at java.base/java.util.concurrent.ForkJoinPool.runWorker(ForkJoinPool.java:1808)
	at java.base/java.util.concurrent.ForkJoinWorkerThread.run(ForkJoinWorkerThread.java:188)
[20:14:21] [Worker-Main-27/ERROR]: Failed to verify signature on property Property[name=textures, value=eyJ0ZXh0dXJlcyI6eyJTS0lOIjp7InVybCI6Imh0dHA6Ly90ZXh0dXJlcy5taW5lY3JhZnQubmV0L3RleHR1cmUvMzZmNjlmN2I3NTM4YjQxZGMzNDM5ZjM2NThhYmJkNTlmYWNjYTM2NmYxOTBiY2YxZDZkMGEwMjZjOGY5NiJ9fX0=, signature=]
java.security.SignatureException: Bad signature length: got 0 but was expecting 512
	at java.base/sun.security.rsa.RSASignature.engineVerify(RSASignature.java:212)
	at java.base/java.security.Signature$Delegate.engineVerify(Signature.java:1422)
	at java.base/java.security.Signature.verify(Signature.java:790)
	at knot//com.mojang.authlib.yggdrasil.YggdrasilServicesKeyInfo.validateProperty(YggdrasilServicesKeyInfo.java:165)
	at knot//com.mojang.authlib.yggdrasil.YggdrasilMinecraftSessionService.lambda$getPropertySignatureState$0(YggdrasilMinecraftSessionService.java:185)
	at java.base/java.util.stream.MatchOps$1MatchSink.accept(MatchOps.java:90)
	at java.base/java.util.AbstractList$RandomAccessSpliterator.tryAdvance(AbstractList.java:708)
	at java.base/java.util.stream.ReferencePipeline.forEachWithCancel(ReferencePipeline.java:129)
	at java.base/java.util.stream.AbstractPipeline.copyIntoWithCancel(AbstractPipeline.java:527)
	at java.base/java.util.stream.AbstractPipeline.copyInto(AbstractPipeline.java:513)
	at java.base/java.util.stream.AbstractPipeline.wrapAndCopyInto(AbstractPipeline.java:499)
	at java.base/java.util.stream.MatchOps$MatchOp.evaluateSequential(MatchOps.java:230)
	at java.base/java.util.stream.MatchOps$MatchOp.evaluateSequential(MatchOps.java:196)
	at java.base/java.util.stream.AbstractPipeline.evaluate(AbstractPipeline.java:234)
	at java.base/java.util.stream.ReferencePipeline.noneMatch(ReferencePipeline.java:642)
	at knot//com.mojang.authlib.yggdrasil.YggdrasilMinecraftSessionService.getPropertySignatureState(YggdrasilMinecraftSessionService.java:185)
	at knot//com.mojang.authlib.yggdrasil.YggdrasilMinecraftSessionService.unpackTextures(YggdrasilMinecraftSessionService.java:128)
	at knot//net.minecraft.class_1071$1.method_54647(class_1071.java:60)
	at java.base/java.util.concurrent.CompletableFuture$AsyncSupply.run(CompletableFuture.java:1768)
	at java.base/java.util.concurrent.CompletableFuture$AsyncSupply.exec(CompletableFuture.java:1760)
	at java.base/java.util.concurrent.ForkJoinTask.doExec(ForkJoinTask.java:387)
	at java.base/java.util.concurrent.ForkJoinPool$WorkQueue.topLevelExec(ForkJoinPool.java:1312)
	at java.base/java.util.concurrent.ForkJoinPool.scan(ForkJoinPool.java:1843)
	at java.base/java.util.concurrent.ForkJoinPool.runWorker(ForkJoinPool.java:1808)
	at java.base/java.util.concurrent.ForkJoinWorkerThread.run(ForkJoinWorkerThread.java:188)
[20:14:21] [Worker-Main-26/ERROR]: Failed to verify signature on property Property[name=textures, value=eyJ0ZXh0dXJlcyI6eyJTS0lOIjp7InVybCI6Imh0dHA6Ly90ZXh0dXJlcy5taW5lY3JhZnQubmV0L3RleHR1cmUvOTFiZTRiNWI1OTJmZWUyMWE2NWUwZjkwMzAzOGM1MzMzYmUzODgyMzRhNDM3MzFkNGFkZmU1ZDU3ZDM2NDRlNSJ9fX0=, signature=]
java.security.SignatureException: Bad signature length: got 0 but was expecting 512
	at java.base/sun.security.rsa.RSASignature.engineVerify(RSASignature.java:212)
	at java.base/java.security.Signature$Delegate.engineVerify(Signature.java:1422)
	at java.base/java.security.Signature.verify(Signature.java:790)
	at knot//com.mojang.authlib.yggdrasil.YggdrasilServicesKeyInfo.validateProperty(YggdrasilServicesKeyInfo.java:165)
	at knot//com.mojang.authlib.yggdrasil.YggdrasilMinecraftSessionService.lambda$getPropertySignatureState$0(YggdrasilMinecraftSessionService.java:185)
	at java.base/java.util.stream.MatchOps$1MatchSink.accept(MatchOps.java:90)
	at java.base/java.util.AbstractList$RandomAccessSpliterator.tryAdvance(AbstractList.java:708)
	at java.base/java.util.stream.ReferencePipeline.forEachWithCancel(ReferencePipeline.java:129)
	at java.base/java.util.stream.AbstractPipeline.copyIntoWithCancel(AbstractPipeline.java:527)
	at java.base/java.util.stream.AbstractPipeline.copyInto(AbstractPipeline.java:513)
	at java.base/java.util.stream.AbstractPipeline.wrapAndCopyInto(AbstractPipeline.java:499)
	at java.base/java.util.stream.MatchOps$MatchOp.evaluateSequential(MatchOps.java:230)
	at java.base/java.util.stream.MatchOps$MatchOp.evaluateSequential(MatchOps.java:196)
	at java.base/java.util.stream.AbstractPipeline.evaluate(AbstractPipeline.java:234)
	at java.base/java.util.stream.ReferencePipeline.noneMatch(ReferencePipeline.java:642)
	at knot//com.mojang.authlib.yggdrasil.YggdrasilMinecraftSessionService.getPropertySignatureState(YggdrasilMinecraftSessionService.java:185)
	at knot//com.mojang.authlib.yggdrasil.YggdrasilMinecraftSessionService.unpackTextures(YggdrasilMinecraftSessionService.java:128)
	at knot//net.minecraft.class_1071$1.method_54647(class_1071.java:60)
	at java.base/java.util.concurrent.CompletableFuture$AsyncSupply.run(CompletableFuture.java:1768)
	at java.base/java.util.concurrent.CompletableFuture$AsyncSupply.exec(CompletableFuture.java:1760)
	at java.base/java.util.concurrent.ForkJoinTask.doExec(ForkJoinTask.java:387)
	at java.base/java.util.concurrent.ForkJoinPool$WorkQueue.topLevelExec(ForkJoinPool.java:1312)
	at java.base/java.util.concurrent.ForkJoinPool.scan(ForkJoinPool.java:1843)
	at java.base/java.util.concurrent.ForkJoinPool.runWorker(ForkJoinPool.java:1808)
	at java.base/java.util.concurrent.ForkJoinWorkerThread.run(ForkJoinWorkerThread.java:188)
[20:14:21] [Worker-Main-14/ERROR]: Failed to verify signature on property Property[name=textures, value=eyJ0ZXh0dXJlcyI6eyJTS0lOIjp7InVybCI6Imh0dHA6Ly90ZXh0dXJlcy5taW5lY3JhZnQubmV0L3RleHR1cmUvNjNmYWJjMzg5MWM5NjJjOTEzOTU5ZDY1YmU5MGRhYTVkZTEyMTFmYTQwODdkYWUzODZmZjRlZDQyNDhmIn19fQ==, signature=]
java.security.SignatureException: Bad signature length: got 0 but was expecting 512
	at java.base/sun.security.rsa.RSASignature.engineVerify(RSASignature.java:212)
	at java.base/java.security.Signature$Delegate.engineVerify(Signature.java:1422)
	at java.base/java.security.Signature.verify(Signature.java:790)
	at knot//com.mojang.authlib.yggdrasil.YggdrasilServicesKeyInfo.validateProperty(YggdrasilServicesKeyInfo.java:165)
	at knot//com.mojang.authlib.yggdrasil.YggdrasilMinecraftSessionService.lambda$getPropertySignatureState$0(YggdrasilMinecraftSessionService.java:185)
	at java.base/java.util.stream.MatchOps$1MatchSink.accept(MatchOps.java:90)
	at java.base/java.util.AbstractList$RandomAccessSpliterator.tryAdvance(AbstractList.java:708)
	at java.base/java.util.stream.ReferencePipeline.forEachWithCancel(ReferencePipeline.java:129)
	at java.base/java.util.stream.AbstractPipeline.copyIntoWithCancel(AbstractPipeline.java:527)
	at java.base/java.util.stream.AbstractPipeline.copyInto(AbstractPipeline.java:513)
	at java.base/java.util.stream.AbstractPipeline.wrapAndCopyInto(AbstractPipeline.java:499)
	at java.base/java.util.stream.MatchOps$MatchOp.evaluateSequential(MatchOps.java:230)
	at java.base/java.util.stream.MatchOps$MatchOp.evaluateSequential(MatchOps.java:196)
	at java.base/java.util.stream.AbstractPipeline.evaluate(AbstractPipeline.java:234)
	at java.base/java.util.stream.ReferencePipeline.noneMatch(ReferencePipeline.java:642)
	at knot//com.mojang.authlib.yggdrasil.YggdrasilMinecraftSessionService.getPropertySignatureState(YggdrasilMinecraftSessionService.java:185)
	at knot//com.mojang.authlib.yggdrasil.YggdrasilMinecraftSessionService.unpackTextures(YggdrasilMinecraftSessionService.java:128)
	at knot//net.minecraft.class_1071$1.method_54647(class_1071.java:60)
	at java.base/java.util.concurrent.CompletableFuture$AsyncSupply.run(CompletableFuture.java:1768)
	at java.base/java.util.concurrent.CompletableFuture$AsyncSupply.exec(CompletableFuture.java:1760)
	at java.base/java.util.concurrent.ForkJoinTask.doExec(ForkJoinTask.java:387)
	at java.base/java.util.concurrent.ForkJoinPool$WorkQueue.topLevelExec(ForkJoinPool.java:1312)
	at java.base/java.util.concurrent.ForkJoinPool.scan(ForkJoinPool.java:1843)
	at java.base/java.util.concurrent.ForkJoinPool.runWorker(ForkJoinPool.java:1808)
	at java.base/java.util.concurrent.ForkJoinWorkerThread.run(ForkJoinWorkerThread.java:188)
[20:14:21] [Worker-Main-16/ERROR]: Failed to verify signature on property Property[name=textures, value=eyJ0ZXh0dXJlcyI6eyJTS0lOIjp7InVybCI6Imh0dHA6Ly90ZXh0dXJlcy5taW5lY3JhZnQubmV0L3RleHR1cmUvNzAyNTE4MWM3MDI2ZTU4M2RlNmQ4Mjk3Y2FjNWVlZThmOTdhYmEyY2M0NjM5ZWUzNmI2Yjg1ZTRjZWQ0ZjI1YyJ9fX0=, signature=]
java.security.SignatureException: Bad signature length: got 0 but was expecting 512
	at java.base/sun.security.rsa.RSASignature.engineVerify(RSASignature.java:212)
	at java.base/java.security.Signature$Delegate.engineVerify(Signature.java:1422)
	at java.base/java.security.Signature.verify(Signature.java:790)
	at knot//com.mojang.authlib.yggdrasil.YggdrasilServicesKeyInfo.validateProperty(YggdrasilServicesKeyInfo.java:165)
	at knot//com.mojang.authlib.yggdrasil.YggdrasilMinecraftSessionService.lambda$getPropertySignatureState$0(YggdrasilMinecraftSessionService.java:185)
	at java.base/java.util.stream.MatchOps$1MatchSink.accept(MatchOps.java:90)
	at java.base/java.util.AbstractList$RandomAccessSpliterator.tryAdvance(AbstractList.java:708)
	at java.base/java.util.stream.ReferencePipeline.forEachWithCancel(ReferencePipeline.java:129)
	at java.base/java.util.stream.AbstractPipeline.copyIntoWithCancel(AbstractPipeline.java:527)
	at java.base/java.util.stream.AbstractPipeline.copyInto(AbstractPipeline.java:513)
	at java.base/java.util.stream.AbstractPipeline.wrapAndCopyInto(AbstractPipeline.java:499)
	at java.base/java.util.stream.MatchOps$MatchOp.evaluateSequential(MatchOps.java:230)
	at java.base/java.util.stream.MatchOps$MatchOp.evaluateSequential(MatchOps.java:196)
	at java.base/java.util.stream.AbstractPipeline.evaluate(AbstractPipeline.java:234)
	at java.base/java.util.stream.ReferencePipeline.noneMatch(ReferencePipeline.java:642)
	at knot//com.mojang.authlib.yggdrasil.YggdrasilMinecraftSessionService.getPropertySignatureState(YggdrasilMinecraftSessionService.java:185)
	at knot//com.mojang.authlib.yggdrasil.YggdrasilMinecraftSessionService.unpackTextures(YggdrasilMinecraftSessionService.java:128)
	at knot//net.minecraft.class_1071$1.method_54647(class_1071.java:60)
	at java.base/java.util.concurrent.CompletableFuture$AsyncSupply.run(CompletableFuture.java:1768)
	at java.base/java.util.concurrent.CompletableFuture$AsyncSupply.exec(CompletableFuture.java:1760)
	at java.base/java.util.concurrent.ForkJoinTask.doExec(ForkJoinTask.java:387)
	at java.base/java.util.concurrent.ForkJoinPool$WorkQueue.topLevelExec(ForkJoinPool.java:1312)
	at java.base/java.util.concurrent.ForkJoinPool.scan(ForkJoinPool.java:1843)
	at java.base/java.util.concurrent.ForkJoinPool.runWorker(ForkJoinPool.java:1808)
	at java.base/java.util.concurrent.ForkJoinWorkerThread.run(ForkJoinWorkerThread.java:188)
[20:14:21] [Worker-Main-14/ERROR]: Failed to verify signature on property Property[name=textures, value=eyJ0ZXh0dXJlcyI6eyJTS0lOIjp7InVybCI6Imh0dHA6Ly90ZXh0dXJlcy5taW5lY3JhZnQubmV0L3RleHR1cmUvNjNmYWJjMzg5MWM5NjJjOTEzOTU5ZDY1YmU5MGRhYTVkZTEyMTFmYTQwODdkYWUzODZmZjRlZDQyNDhmIn19fQ==, signature=]
java.security.SignatureException: Bad signature length: got 0 but was expecting 512
	at java.base/sun.security.rsa.RSASignature.engineVerify(RSASignature.java:212)
	at java.base/java.security.Signature$Delegate.engineVerify(Signature.java:1422)
	at java.base/java.security.Signature.verify(Signature.java:790)
	at knot//com.mojang.authlib.yggdrasil.YggdrasilServicesKeyInfo.validateProperty(YggdrasilServicesKeyInfo.java:165)
	at knot//com.mojang.authlib.yggdrasil.YggdrasilMinecraftSessionService.lambda$getPropertySignatureState$0(YggdrasilMinecraftSessionService.java:185)
	at java.base/java.util.stream.MatchOps$1MatchSink.accept(MatchOps.java:90)
	at java.base/java.util.AbstractList$RandomAccessSpliterator.tryAdvance(AbstractList.java:708)
	at java.base/java.util.stream.ReferencePipeline.forEachWithCancel(ReferencePipeline.java:129)
	at java.base/java.util.stream.AbstractPipeline.copyIntoWithCancel(AbstractPipeline.java:527)
	at java.base/java.util.stream.AbstractPipeline.copyInto(AbstractPipeline.java:513)
	at java.base/java.util.stream.AbstractPipeline.wrapAndCopyInto(AbstractPipeline.java:499)
	at java.base/java.util.stream.MatchOps$MatchOp.evaluateSequential(MatchOps.java:230)
	at java.base/java.util.stream.MatchOps$MatchOp.evaluateSequential(MatchOps.java:196)
	at java.base/java.util.stream.AbstractPipeline.evaluate(AbstractPipeline.java:234)
	at java.base/java.util.stream.ReferencePipeline.noneMatch(ReferencePipeline.java:642)
	at knot//com.mojang.authlib.yggdrasil.YggdrasilMinecraftSessionService.getPropertySignatureState(YggdrasilMinecraftSessionService.java:185)
	at knot//com.mojang.authlib.yggdrasil.YggdrasilMinecraftSessionService.unpackTextures(YggdrasilMinecraftSessionService.java:128)
	at knot//net.minecraft.class_1071$1.method_54647(class_1071.java:60)
	at java.base/java.util.concurrent.CompletableFuture$AsyncSupply.run(CompletableFuture.java:1768)
	at java.base/java.util.concurrent.CompletableFuture$AsyncSupply.exec(CompletableFuture.java:1760)
	at java.base/java.util.concurrent.ForkJoinTask.doExec(ForkJoinTask.java:387)
	at java.base/java.util.concurrent.ForkJoinPool$WorkQueue.topLevelExec(ForkJoinPool.java:1312)
	at java.base/java.util.concurrent.ForkJoinPool.scan(ForkJoinPool.java:1843)
	at java.base/java.util.concurrent.ForkJoinPool.runWorker(ForkJoinPool.java:1808)
	at java.base/java.util.concurrent.ForkJoinWorkerThread.run(ForkJoinWorkerThread.java:188)
[20:14:21] [Worker-Main-26/ERROR]: Failed to verify signature on property Property[name=textures, value=eyJ0ZXh0dXJlcyI6eyJTS0lOIjp7InVybCI6Imh0dHA6Ly90ZXh0dXJlcy5taW5lY3JhZnQubmV0L3RleHR1cmUvOTFiZTRiNWI1OTJmZWUyMWE2NWUwZjkwMzAzOGM1MzMzYmUzODgyMzRhNDM3MzFkNGFkZmU1ZDU3ZDM2NDRlNSJ9fX0=, signature=]
java.security.SignatureException: Bad signature length: got 0 but was expecting 512
	at java.base/sun.security.rsa.RSASignature.engineVerify(RSASignature.java:212)
	at java.base/java.security.Signature$Delegate.engineVerify(Signature.java:1422)
	at java.base/java.security.Signature.verify(Signature.java:790)
	at knot//com.mojang.authlib.yggdrasil.YggdrasilServicesKeyInfo.validateProperty(YggdrasilServicesKeyInfo.java:165)
	at knot//com.mojang.authlib.yggdrasil.YggdrasilMinecraftSessionService.lambda$getPropertySignatureState$0(YggdrasilMinecraftSessionService.java:185)
	at java.base/java.util.stream.MatchOps$1MatchSink.accept(MatchOps.java:90)
	at java.base/java.util.AbstractList$RandomAccessSpliterator.tryAdvance(AbstractList.java:708)
	at java.base/java.util.stream.ReferencePipeline.forEachWithCancel(ReferencePipeline.java:129)
	at java.base/java.util.stream.AbstractPipeline.copyIntoWithCancel(AbstractPipeline.java:527)
	at java.base/java.util.stream.AbstractPipeline.copyInto(AbstractPipeline.java:513)
	at java.base/java.util.stream.AbstractPipeline.wrapAndCopyInto(AbstractPipeline.java:499)
	at java.base/java.util.stream.MatchOps$MatchOp.evaluateSequential(MatchOps.java:230)
	at java.base/java.util.stream.MatchOps$MatchOp.evaluateSequential(MatchOps.java:196)
	at java.base/java.util.stream.AbstractPipeline.evaluate(AbstractPipeline.java:234)
	at java.base/java.util.stream.ReferencePipeline.noneMatch(ReferencePipeline.java:642)
	at knot//com.mojang.authlib.yggdrasil.YggdrasilMinecraftSessionService.getPropertySignatureState(YggdrasilMinecraftSessionService.java:185)
	at knot//com.mojang.authlib.yggdrasil.YggdrasilMinecraftSessionService.unpackTextures(YggdrasilMinecraftSessionService.java:128)
	at knot//net.minecraft.class_1071$1.method_54647(class_1071.java:60)
	at java.base/java.util.concurrent.CompletableFuture$AsyncSupply.run(CompletableFuture.java:1768)
	at java.base/java.util.concurrent.CompletableFuture$AsyncSupply.exec(CompletableFuture.java:1760)
	at java.base/java.util.concurrent.ForkJoinTask.doExec(ForkJoinTask.java:387)
	at java.base/java.util.concurrent.ForkJoinPool$WorkQueue.topLevelExec(ForkJoinPool.java:1312)
	at java.base/java.util.concurrent.ForkJoinPool.scan(ForkJoinPool.java:1843)
	at java.base/java.util.concurrent.ForkJoinPool.runWorker(ForkJoinPool.java:1808)
	at java.base/java.util.concurrent.ForkJoinWorkerThread.run(ForkJoinWorkerThread.java:188)
[20:14:21] [Worker-Main-27/ERROR]: Failed to verify signature on property Property[name=textures, value=eyJ0ZXh0dXJlcyI6eyJTS0lOIjp7InVybCI6Imh0dHA6Ly90ZXh0dXJlcy5taW5lY3JhZnQubmV0L3RleHR1cmUvMzZmNjlmN2I3NTM4YjQxZGMzNDM5ZjM2NThhYmJkNTlmYWNjYTM2NmYxOTBiY2YxZDZkMGEwMjZjOGY5NiJ9fX0=, signature=]
java.security.SignatureException: Bad signature length: got 0 but was expecting 512
	at java.base/sun.security.rsa.RSASignature.engineVerify(RSASignature.java:212)
	at java.base/java.security.Signature$Delegate.engineVerify(Signature.java:1422)
	at java.base/java.security.Signature.verify(Signature.java:790)
	at knot//com.mojang.authlib.yggdrasil.YggdrasilServicesKeyInfo.validateProperty(YggdrasilServicesKeyInfo.java:165)
	at knot//com.mojang.authlib.yggdrasil.YggdrasilMinecraftSessionService.lambda$getPropertySignatureState$0(YggdrasilMinecraftSessionService.java:185)
	at java.base/java.util.stream.MatchOps$1MatchSink.accept(MatchOps.java:90)
	at java.base/java.util.AbstractList$RandomAccessSpliterator.tryAdvance(AbstractList.java:708)
	at java.base/java.util.stream.ReferencePipeline.forEachWithCancel(ReferencePipeline.java:129)
	at java.base/java.util.stream.AbstractPipeline.copyIntoWithCancel(AbstractPipeline.java:527)
	at java.base/java.util.stream.AbstractPipeline.copyInto(AbstractPipeline.java:513)
	at java.base/java.util.stream.AbstractPipeline.wrapAndCopyInto(AbstractPipeline.java:499)
	at java.base/java.util.stream.MatchOps$MatchOp.evaluateSequential(MatchOps.java:230)
	at java.base/java.util.stream.MatchOps$MatchOp.evaluateSequential(MatchOps.java:196)
	at java.base/java.util.stream.AbstractPipeline.evaluate(AbstractPipeline.java:234)
	at java.base/java.util.stream.ReferencePipeline.noneMatch(ReferencePipeline.java:642)
	at knot//com.mojang.authlib.yggdrasil.YggdrasilMinecraftSessionService.getPropertySignatureState(YggdrasilMinecraftSessionService.java:185)
	at knot//com.mojang.authlib.yggdrasil.YggdrasilMinecraftSessionService.unpackTextures(YggdrasilMinecraftSessionService.java:128)
	at knot//net.minecraft.class_1071$1.method_54647(class_1071.java:60)
	at java.base/java.util.concurrent.CompletableFuture$AsyncSupply.run(CompletableFuture.java:1768)
	at java.base/java.util.concurrent.CompletableFuture$AsyncSupply.exec(CompletableFuture.java:1760)
	at java.base/java.util.concurrent.ForkJoinTask.doExec(ForkJoinTask.java:387)
	at java.base/java.util.concurrent.ForkJoinPool$WorkQueue.topLevelExec(ForkJoinPool.java:1312)
	at java.base/java.util.concurrent.ForkJoinPool.scan(ForkJoinPool.java:1843)
	at java.base/java.util.concurrent.ForkJoinPool.runWorker(ForkJoinPool.java:1808)
	at java.base/java.util.concurrent.ForkJoinWorkerThread.run(ForkJoinWorkerThread.java:188)
[20:14:21] [Worker-Main-14/WARN]: Profile contained invalid signature for textures property (profile id: 3f31fa5b-98bb-4974-a5fe-bf645587da7a)
[20:14:21] [Worker-Main-16/ERROR]: Failed to verify signature on property Property[name=textures, value=eyJ0ZXh0dXJlcyI6eyJTS0lOIjp7InVybCI6Imh0dHA6Ly90ZXh0dXJlcy5taW5lY3JhZnQubmV0L3RleHR1cmUvNzAyNTE4MWM3MDI2ZTU4M2RlNmQ4Mjk3Y2FjNWVlZThmOTdhYmEyY2M0NjM5ZWUzNmI2Yjg1ZTRjZWQ0ZjI1YyJ9fX0=, signature=]
java.security.SignatureException: Bad signature length: got 0 but was expecting 512
	at java.base/sun.security.rsa.RSASignature.engineVerify(RSASignature.java:212)
	at java.base/java.security.Signature$Delegate.engineVerify(Signature.java:1422)
	at java.base/java.security.Signature.verify(Signature.java:790)
	at knot//com.mojang.authlib.yggdrasil.YggdrasilServicesKeyInfo.validateProperty(YggdrasilServicesKeyInfo.java:165)
	at knot//com.mojang.authlib.yggdrasil.YggdrasilMinecraftSessionService.lambda$getPropertySignatureState$0(YggdrasilMinecraftSessionService.java:185)
	at java.base/java.util.stream.MatchOps$1MatchSink.accept(MatchOps.java:90)
	at java.base/java.util.AbstractList$RandomAccessSpliterator.tryAdvance(AbstractList.java:708)
	at java.base/java.util.stream.ReferencePipeline.forEachWithCancel(ReferencePipeline.java:129)
	at java.base/java.util.stream.AbstractPipeline.copyIntoWithCancel(AbstractPipeline.java:527)
	at java.base/java.util.stream.AbstractPipeline.copyInto(AbstractPipeline.java:513)
	at java.base/java.util.stream.AbstractPipeline.wrapAndCopyInto(AbstractPipeline.java:499)
	at java.base/java.util.stream.MatchOps$MatchOp.evaluateSequential(MatchOps.java:230)
	at java.base/java.util.stream.MatchOps$MatchOp.evaluateSequential(MatchOps.java:196)
	at java.base/java.util.stream.AbstractPipeline.evaluate(AbstractPipeline.java:234)
	at java.base/java.util.stream.ReferencePipeline.noneMatch(ReferencePipeline.java:642)
	at knot//com.mojang.authlib.yggdrasil.YggdrasilMinecraftSessionService.getPropertySignatureState(YggdrasilMinecraftSessionService.java:185)
	at knot//com.mojang.authlib.yggdrasil.YggdrasilMinecraftSessionService.unpackTextures(YggdrasilMinecraftSessionService.java:128)
	at knot//net.minecraft.class_1071$1.method_54647(class_1071.java:60)
	at java.base/java.util.concurrent.CompletableFuture$AsyncSupply.run(CompletableFuture.java:1768)
	at java.base/java.util.concurrent.CompletableFuture$AsyncSupply.exec(CompletableFuture.java:1760)
	at java.base/java.util.concurrent.ForkJoinTask.doExec(ForkJoinTask.java:387)
	at java.base/java.util.concurrent.ForkJoinPool$WorkQueue.topLevelExec(ForkJoinPool.java:1312)
	at java.base/java.util.concurrent.ForkJoinPool.scan(ForkJoinPool.java:1843)
	at java.base/java.util.concurrent.ForkJoinPool.runWorker(ForkJoinPool.java:1808)
	at java.base/java.util.concurrent.ForkJoinWorkerThread.run(ForkJoinWorkerThread.java:188)
[20:14:21] [Worker-Main-13/ERROR]: Failed to verify signature on property Property[name=textures, value=ewogICJ0aW1lc3RhbXAiIDogMTc4ODAzNjAwMDcxMSwKICAicHJvZmlsZUlkIiA6ICJlZDhlNTAyMTM1YTM0NmU4OTA5OGVmYTVjYzU3ZDc4MSIsCiAgInByb2ZpbGVOYW1lIiA6ICJBZ2VyYSIsCiAgInNpZ25hdHVyZVJlcXVpcmVkIiA6IHRydWUsCiAgInRleHR1cmVzIiA6IHsKICAgICJTS0lOIiA6IHsKICAgICAgInVybCIgOiAiaHR0cDovL3RleHR1cmVzLm1pbmVjcmFmdC5uZXQvdGV4dHVyZS9mOGQ1MzFkNTE0YmI0YTU0YmRkM2FmMjJhZmY1OTIyMzM4MDU5MzhjNDY5NjZiOWIwOTE5YjRhZTU5MzM4ZDg2IiwKICAgICAgIm1ldGFkYXRhIiA6IHsKICAgICAgICAibW9kZWwiIDogInNsaW0iCiAgICAgIH0KICAgIH0KICB9Cn0=, signature=]
java.security.SignatureException: Bad signature length: got 0 but was expecting 512
	at java.base/sun.security.rsa.RSASignature.engineVerify(RSASignature.java:212)
	at java.base/java.security.Signature$Delegate.engineVerify(Signature.java:1422)
	at java.base/java.security.Signature.verify(Signature.java:790)
	at knot//com.mojang.authlib.yggdrasil.YggdrasilServicesKeyInfo.validateProperty(YggdrasilServicesKeyInfo.java:165)
	at knot//com.mojang.authlib.yggdrasil.YggdrasilMinecraftSessionService.lambda$getPropertySignatureState$0(YggdrasilMinecraftSessionService.java:185)
	at java.base/java.util.stream.MatchOps$1MatchSink.accept(MatchOps.java:90)
	at java.base/java.util.AbstractList$RandomAccessSpliterator.tryAdvance(AbstractList.java:708)
	at java.base/java.util.stream.ReferencePipeline.forEachWithCancel(ReferencePipeline.java:129)
	at java.base/java.util.stream.AbstractPipeline.copyIntoWithCancel(AbstractPipeline.java:527)
	at java.base/java.util.stream.AbstractPipeline.copyInto(AbstractPipeline.java:513)
	at java.base/java.util.stream.AbstractPipeline.wrapAndCopyInto(AbstractPipeline.java:499)
	at java.base/java.util.stream.MatchOps$MatchOp.evaluateSequential(MatchOps.java:230)
	at java.base/java.util.stream.MatchOps$MatchOp.evaluateSequential(MatchOps.java:196)
	at java.base/java.util.stream.AbstractPipeline.evaluate(AbstractPipeline.java:234)
	at java.base/java.util.stream.ReferencePipeline.noneMatch(ReferencePipeline.java:642)
	at knot//com.mojang.authlib.yggdrasil.YggdrasilMinecraftSessionService.getPropertySignatureState(YggdrasilMinecraftSessionService.java:185)
	at knot//com.mojang.authlib.yggdrasil.YggdrasilMinecraftSessionService.unpackTextures(YggdrasilMinecraftSessionService.java:128)
	at knot//net.minecraft.class_1071$1.method_54647(class_1071.java:60)
	at java.base/java.util.concurrent.CompletableFuture$AsyncSupply.run(CompletableFuture.java:1768)
	at java.base/java.util.concurrent.CompletableFuture$AsyncSupply.exec(CompletableFuture.java:1760)
	at java.base/java.util.concurrent.ForkJoinTask.doExec(ForkJoinTask.java:387)
	at java.base/java.util.concurrent.ForkJoinPool$WorkQueue.topLevelExec(ForkJoinPool.java:1312)
	at java.base/java.util.concurrent.ForkJoinPool.scan(ForkJoinPool.java:1843)
	at java.base/java.util.concurrent.ForkJoinPool.runWorker(ForkJoinPool.java:1808)
	at java.base/java.util.concurrent.ForkJoinWorkerThread.run(ForkJoinWorkerThread.java:188)
[20:14:21] [Worker-Main-26/WARN]: Profile contained invalid signature for textures property (profile id: aa838df6-0f9b-4e7d-94a1-17582bc24dc4)
[20:14:21] [Worker-Main-27/WARN]: Profile contained invalid signature for textures property (profile id: 753f3936-f035-4aa9-b7c8-c3e31b26495b)
[20:14:21] [Worker-Main-16/WARN]: Profile contained invalid signature for textures property (profile id: b06c4fa5-c01b-4990-8a5f-ae940173d96b)
[20:14:21] [Worker-Main-13/WARN]: Profile contained invalid signature for textures property (profile id: 7fe5b859-b054-44fc-bb23-729303420698)
[20:14:21] [Worker-Main-13/ERROR]: Failed to verify signature on property Property[name=textures, value=eyJ0ZXh0dXJlcyI6eyJTS0lOIjp7InVybCI6Imh0dHA6Ly90ZXh0dXJlcy5taW5lY3JhZnQubmV0L3RleHR1cmUvOTFiZTRiNWI1OTJmZWUyMWE2NWUwZjkwMzAzOGM1MzMzYmUzODgyMzRhNDM3MzFkNGFkZmU1ZDU3ZDM2NDRlNSJ9fX0=, signature=]
java.security.SignatureException: Bad signature length: got 0 but was expecting 512
	at java.base/sun.security.rsa.RSASignature.engineVerify(RSASignature.java:212)
	at java.base/java.security.Signature$Delegate.engineVerify(Signature.java:1422)
	at java.base/java.security.Signature.verify(Signature.java:790)
	at knot//com.mojang.authlib.yggdrasil.YggdrasilServicesKeyInfo.validateProperty(YggdrasilServicesKeyInfo.java:165)
	at knot//com.mojang.authlib.yggdrasil.YggdrasilMinecraftSessionService.lambda$getPropertySignatureState$0(YggdrasilMinecraftSessionService.java:185)
	at java.base/java.util.stream.MatchOps$1MatchSink.accept(MatchOps.java:90)
	at java.base/java.util.AbstractList$RandomAccessSpliterator.tryAdvance(AbstractList.java:708)
	at java.base/java.util.stream.ReferencePipeline.forEachWithCancel(ReferencePipeline.java:129)
	at java.base/java.util.stream.AbstractPipeline.copyIntoWithCancel(AbstractPipeline.java:527)
	at java.base/java.util.stream.AbstractPipeline.copyInto(AbstractPipeline.java:513)
	at java.base/java.util.stream.AbstractPipeline.wrapAndCopyInto(AbstractPipeline.java:499)
	at java.base/java.util.stream.MatchOps$MatchOp.evaluateSequential(MatchOps.java:230)
	at java.base/java.util.stream.MatchOps$MatchOp.evaluateSequential(MatchOps.java:196)
	at java.base/java.util.stream.AbstractPipeline.evaluate(AbstractPipeline.java:234)
	at java.base/java.util.stream.ReferencePipeline.noneMatch(ReferencePipeline.java:642)
	at knot//com.mojang.authlib.yggdrasil.YggdrasilMinecraftSessionService.getPropertySignatureState(YggdrasilMinecraftSessionService.java:185)
	at knot//com.mojang.authlib.yggdrasil.YggdrasilMinecraftSessionService.unpackTextures(YggdrasilMinecraftSessionService.java:128)
	at knot//net.minecraft.class_1071$1.method_54647(class_1071.java:60)
	at java.base/java.util.concurrent.CompletableFuture$AsyncSupply.run(CompletableFuture.java:1768)
	at java.base/java.util.concurrent.CompletableFuture$AsyncSupply.exec(CompletableFuture.java:1760)
	at java.base/java.util.concurrent.ForkJoinTask.doExec(ForkJoinTask.java:387)
	at java.base/java.util.concurrent.ForkJoinPool$WorkQueue.topLevelExec(ForkJoinPool.java:1312)
	at java.base/java.util.concurrent.ForkJoinPool.scan(ForkJoinPool.java:1843)
	at java.base/java.util.concurrent.ForkJoinPool.runWorker(ForkJoinPool.java:1808)
	at java.base/java.util.concurrent.ForkJoinWorkerThread.run(ForkJoinWorkerThread.java:188)
[20:14:21] [Worker-Main-13/ERROR]: Failed to verify signature on property Property[name=textures, value=eyJ0ZXh0dXJlcyI6eyJTS0lOIjp7InVybCI6Imh0dHA6Ly90ZXh0dXJlcy5taW5lY3JhZnQubmV0L3RleHR1cmUvOTFiZTRiNWI1OTJmZWUyMWE2NWUwZjkwMzAzOGM1MzMzYmUzODgyMzRhNDM3MzFkNGFkZmU1ZDU3ZDM2NDRlNSJ9fX0=, signature=]
java.security.SignatureException: Bad signature length: got 0 but was expecting 512
	at java.base/sun.security.rsa.RSASignature.engineVerify(RSASignature.java:212)
	at java.base/java.security.Signature$Delegate.engineVerify(Signature.java:1422)
	at java.base/java.security.Signature.verify(Signature.java:790)
	at knot//com.mojang.authlib.yggdrasil.YggdrasilServicesKeyInfo.validateProperty(YggdrasilServicesKeyInfo.java:165)
	at knot//com.mojang.authlib.yggdrasil.YggdrasilMinecraftSessionService.lambda$getPropertySignatureState$0(YggdrasilMinecraftSessionService.java:185)
	at java.base/java.util.stream.MatchOps$1MatchSink.accept(MatchOps.java:90)
	at java.base/java.util.AbstractList$RandomAccessSpliterator.tryAdvance(AbstractList.java:708)
	at java.base/java.util.stream.ReferencePipeline.forEachWithCancel(ReferencePipeline.java:129)
	at java.base/java.util.stream.AbstractPipeline.copyIntoWithCancel(AbstractPipeline.java:527)
	at java.base/java.util.stream.AbstractPipeline.copyInto(AbstractPipeline.java:513)
	at java.base/java.util.stream.AbstractPipeline.wrapAndCopyInto(AbstractPipeline.java:499)
	at java.base/java.util.stream.MatchOps$MatchOp.evaluateSequential(MatchOps.java:230)
	at java.base/java.util.stream.MatchOps$MatchOp.evaluateSequential(MatchOps.java:196)
	at java.base/java.util.stream.AbstractPipeline.evaluate(AbstractPipeline.java:234)
	at java.base/java.util.stream.ReferencePipeline.noneMatch(ReferencePipeline.java:642)
	at knot//com.mojang.authlib.yggdrasil.YggdrasilMinecraftSessionService.getPropertySignatureState(YggdrasilMinecraftSessionService.java:185)
	at knot//com.mojang.authlib.yggdrasil.YggdrasilMinecraftSessionService.unpackTextures(YggdrasilMinecraftSessionService.java:128)
	at knot//net.minecraft.class_1071$1.method_54647(class_1071.java:60)
	at java.base/java.util.concurrent.CompletableFuture$AsyncSupply.run(CompletableFuture.java:1768)
	at java.base/java.util.concurrent.CompletableFuture$AsyncSupply.exec(CompletableFuture.java:1760)
	at java.base/java.util.concurrent.ForkJoinTask.doExec(ForkJoinTask.java:387)
	at java.base/java.util.concurrent.ForkJoinPool$WorkQueue.topLevelExec(ForkJoinPool.java:1312)
	at java.base/java.util.concurrent.ForkJoinPool.scan(ForkJoinPool.java:1843)
	at java.base/java.util.concurrent.ForkJoinPool.runWorker(ForkJoinPool.java:1808)
	at java.base/java.util.concurrent.ForkJoinWorkerThread.run(ForkJoinWorkerThread.java:188)
[20:14:21] [Worker-Main-13/WARN]: Profile contained invalid signature for textures property (profile id: 8f6e1570-33df-44c4-97b5-beb6b7d29789)
[20:14:21] [Worker-Main-13/ERROR]: Failed to verify signature on property Property[name=textures, value=eyJ0ZXh0dXJlcyI6eyJTS0lOIjp7InVybCI6Imh0dHA6Ly90ZXh0dXJlcy5taW5lY3JhZnQubmV0L3RleHR1cmUvZmYyMThlZjRkZTAwMDVlZGRmYjc3YWM1ZDRlZjUyNzI4Nzc5YjVlNGQ3NDdmYmEzYjc5YTM5YTQzYjJmZDBjNCJ9fX0=, signature=]
java.security.SignatureException: Bad signature length: got 0 but was expecting 512
	at java.base/sun.security.rsa.RSASignature.engineVerify(RSASignature.java:212)
	at java.base/java.security.Signature$Delegate.engineVerify(Signature.java:1422)
	at java.base/java.security.Signature.verify(Signature.java:790)
	at knot//com.mojang.authlib.yggdrasil.YggdrasilServicesKeyInfo.validateProperty(YggdrasilServicesKeyInfo.java:165)
	at knot//com.mojang.authlib.yggdrasil.YggdrasilMinecraftSessionService.lambda$getPropertySignatureState$0(YggdrasilMinecraftSessionService.java:185)
	at java.base/java.util.stream.MatchOps$1MatchSink.accept(MatchOps.java:90)
	at java.base/java.util.AbstractList$RandomAccessSpliterator.tryAdvance(AbstractList.java:708)
	at java.base/java.util.stream.ReferencePipeline.forEachWithCancel(ReferencePipeline.java:129)
	at java.base/java.util.stream.AbstractPipeline.copyIntoWithCancel(AbstractPipeline.java:527)
	at java.base/java.util.stream.AbstractPipeline.copyInto(AbstractPipeline.java:513)
	at java.base/java.util.stream.AbstractPipeline.wrapAndCopyInto(AbstractPipeline.java:499)
	at java.base/java.util.stream.MatchOps$MatchOp.evaluateSequential(MatchOps.java:230)
	at java.base/java.util.stream.MatchOps$MatchOp.evaluateSequential(MatchOps.java:196)
	at java.base/java.util.stream.AbstractPipeline.evaluate(AbstractPipeline.java:234)
	at java.base/java.util.stream.ReferencePipeline.noneMatch(ReferencePipeline.java:642)
	at knot//com.mojang.authlib.yggdrasil.YggdrasilMinecraftSessionService.getPropertySignatureState(YggdrasilMinecraftSessionService.java:185)
	at knot//com.mojang.authlib.yggdrasil.YggdrasilMinecraftSessionService.unpackTextures(YggdrasilMinecraftSessionService.java:128)
	at knot//net.minecraft.class_1071$1.method_54647(class_1071.java:60)
	at java.base/java.util.concurrent.CompletableFuture$AsyncSupply.run(CompletableFuture.java:1768)
	at java.base/java.util.concurrent.CompletableFuture$AsyncSupply.exec(CompletableFuture.java:1760)
	at java.base/java.util.concurrent.ForkJoinTask.doExec(ForkJoinTask.java:387)
	at java.base/java.util.concurrent.ForkJoinPool$WorkQueue.topLevelExec(ForkJoinPool.java:1312)
	at java.base/java.util.concurrent.ForkJoinPool.scan(ForkJoinPool.java:1843)
	at java.base/java.util.concurrent.ForkJoinPool.runWorker(ForkJoinPool.java:1808)
	at java.base/java.util.concurrent.ForkJoinWorkerThread.run(ForkJoinWorkerThread.java:188)
[20:14:21] [Worker-Main-13/ERROR]: Failed to verify signature on property Property[name=textures, value=eyJ0ZXh0dXJlcyI6eyJTS0lOIjp7InVybCI6Imh0dHA6Ly90ZXh0dXJlcy5taW5lY3JhZnQubmV0L3RleHR1cmUvZmYyMThlZjRkZTAwMDVlZGRmYjc3YWM1ZDRlZjUyNzI4Nzc5YjVlNGQ3NDdmYmEzYjc5YTM5YTQzYjJmZDBjNCJ9fX0=, signature=]
java.security.SignatureException: Bad signature length: got 0 but was expecting 512
	at java.base/sun.security.rsa.RSASignature.engineVerify(RSASignature.java:212)
	at java.base/java.security.Signature$Delegate.engineVerify(Signature.java:1422)
	at java.base/java.security.Signature.verify(Signature.java:790)
	at knot//com.mojang.authlib.yggdrasil.YggdrasilServicesKeyInfo.validateProperty(YggdrasilServicesKeyInfo.java:165)
	at knot//com.mojang.authlib.yggdrasil.YggdrasilMinecraftSessionService.lambda$getPropertySignatureState$0(YggdrasilMinecraftSessionService.java:185)
	at java.base/java.util.stream.MatchOps$1MatchSink.accept(MatchOps.java:90)
	at java.base/java.util.AbstractList$RandomAccessSpliterator.tryAdvance(AbstractList.java:708)
	at java.base/java.util.stream.ReferencePipeline.forEachWithCancel(ReferencePipeline.java:129)
	at java.base/java.util.stream.AbstractPipeline.copyIntoWithCancel(AbstractPipeline.java:527)
	at java.base/java.util.stream.AbstractPipeline.copyInto(AbstractPipeline.java:513)
	at java.base/java.util.stream.AbstractPipeline.wrapAndCopyInto(AbstractPipeline.java:499)
	at java.base/java.util.stream.MatchOps$MatchOp.evaluateSequential(MatchOps.java:230)
	at java.base/java.util.stream.MatchOps$MatchOp.evaluateSequential(MatchOps.java:196)
	at java.base/java.util.stream.AbstractPipeline.evaluate(AbstractPipeline.java:234)
	at java.base/java.util.stream.ReferencePipeline.noneMatch(ReferencePipeline.java:642)
	at knot//com.mojang.authlib.yggdrasil.YggdrasilMinecraftSessionService.getPropertySignatureState(YggdrasilMinecraftSessionService.java:185)
	at knot//com.mojang.authlib.yggdrasil.YggdrasilMinecraftSessionService.unpackTextures(YggdrasilMinecraftSessionService.java:128)
	at knot//net.minecraft.class_1071$1.method_54647(class_1071.java:60)
	at java.base/java.util.concurrent.CompletableFuture$AsyncSupply.run(CompletableFuture.java:1768)
	at java.base/java.util.concurrent.CompletableFuture$AsyncSupply.exec(CompletableFuture.java:1760)
	at java.base/java.util.concurrent.ForkJoinTask.doExec(ForkJoinTask.java:387)
	at java.base/java.util.concurrent.ForkJoinPool$WorkQueue.topLevelExec(ForkJoinPool.java:1312)
	at java.base/java.util.concurrent.ForkJoinPool.scan(ForkJoinPool.java:1843)
	at java.base/java.util.concurrent.ForkJoinPool.runWorker(ForkJoinPool.java:1808)
	at java.base/java.util.concurrent.ForkJoinWorkerThread.run(ForkJoinWorkerThread.java:188)
[20:14:21] [Worker-Main-13/WARN]: Profile contained invalid signature for textures property (profile id: bd171ca0-19eb-4f11-b340-afd6af6d0625)
[20:14:23] [Render thread/INFO]: [voicechat] Clearing audio channels
[20:14:23] [Render thread/INFO]: Stopping worker threads
[20:14:29] [Render thread/INFO]: [FANCYMENU] ScreenCustomizationLayer registered: select_world_screen
[20:14:30] [Render thread/INFO]: Loaded 1470 recipes
[20:14:30] [Render thread/INFO]: Loaded 1584 advancements
[20:14:30] [Render thread/INFO]: [FANCYMENU] ScreenCustomizationLayer registered: create_world_screen
[20:14:34] [Render thread/INFO]: [FANCYMENU] ScreenCustomizationLayer registered: com.terraformersmc.modmenu.gui.ModsScreen
[20:14:35] [CullThread/INFO]: [STDOUT]: Shutting down culling task!
[20:14:35] [Render thread/INFO]: Stopping!
[20:14:35] [Render thread/INFO]: [FANCYMENU] Releasing FancyMenu-owned GLFW cursors during client shutdown..
